Dominio,Status,Bloqueado,IPs_Resueltas
www.gstatic.com/robots.txt,NXDOMAIN,Sí,"200.24.249.1, 200.24.249.1, 200.24.249.1"
www.projectbaseline.com/study/covid-19,NXDOMAIN,Sí,"200.24.249.1, 200.24.249.1, 200.24.249.1"
video.twimg.com/tweet_video/EC6DSXDXsAEhHAa.mp4,NXDOMAIN,Sí,"200.24.249.1, 200.24.249.1, 200.24.249.1, 200.24.249.1, 200.24.249.1"
www.peacefire.org/circumventor/simple-circumventor-instructions.html,NXDOMAIN,Sí,"200.24.249.1, 200.24.249.1, 200.24.249.1"
dl.bintray.com/jfrog/xray,NXDOMAIN,Sí,"200.24.249.1, 200.24.249.1, 200.24.249.1, 200.24.249.1"
dit.whatsapp.net/robots.txt,NXDOMAIN,Sí,"200.24.249.1, 200.24.249.1, 200.24.249.1"
mozilla.cloudflare-dns.com/dns-query?dns=q80BAAABAAAAAAAAA3d3dwdleGFtcGxlA2NvbQAAAQAB,NXDOMAIN,Sí,"200.24.249.1, 200.24.249.1, 200.24.249.1"
dns.quad9.net/dns-query?dns=q80BAAABAAAAAAAAA3d3dwdleGFtcGxlA2NvbQAAAQAB,NXDOMAIN,Sí,"200.24.249.1, 200.24.249.1, 200.24.249.1, 200.24.249.1"
cdn.sstatic.net/Img/home/open-source.svg,NXDOMAIN,Sí,"200.24.249.1, 200.24.249.1, 200.24.249.1"
www.gaysylesbianasdeuruguay.com,NXDOMAIN,Sí,"200.24.249.1, 200.24.249.1, 200.24.249.1"
doh-fi.blahdns.com/dns-query?dns=q80BAAABAAAAAAAAA3d3dwdleGFtcGxlA2NvbQAAAQAB,NXDOMAIN,Sí,"200.24.249.1, 200.24.249.1, 200.24.249.1"
hrlibrary.umn.edu/iwraw,NXDOMAIN,Sí,"200.24.249.1, 200.24.249.1, 200.24.249.1"
hocast4.com,NXDOMAIN,Sí,"200.24.249.1, 200.24.249.1, 200.24.249.1"
totototorina.com,NXDOMAIN,Sí,"200.24.249.1, 200.24.249.1, 200.24.249.1"
www.betlive.com/ka,NXDOMAIN,Sí,"200.24.249.1, 200.24.249.1, 200.24.249.1"
www.betlive.com/ka,NXDOMAIN,Sí,"200.24.249.1, 200.24.249.1, 200.24.249.1"
pelotalibre.pe,NXDOMAIN,Sí,"200.24.249.1, 200.24.249.1, 200.24.249.1"
pricesaskeloadsc.com,NXDOMAIN,Sí,"200.24.249.1, 200.24.249.1, 200.24.249.1"
tvhd.pe,NXDOMAIN,Sí,"200.24.249.1, 200.24.249.1, 200.24.249.1"
bestsolaris.com,NXDOMAIN,Sí,"200.24.249.1, 200.24.249.1, 200.24.249.1"
www.bloquedearmas.com,NXDOMAIN,Sí,"200.24.249.1, 200.24.249.1, 200.24.249.1, 200.24.249.1"
www.vidaagro.com.ve,NXDOMAIN,Sí,"200.24.249.1, 200.24.249.1, 200.24.249.1, 200.24.249.1"
tse1.explicit.bing.net/robots.txt,NXDOMAIN,Sí,"200.24.249.1, 200.24.249.1, 200.24.249.1"
www.jmarshall.com/tools/cgiproxy,NXDOMAIN,Sí,"200.24.249.1, 200.24.249.1, 200.24.249.1"
googleweblight.com/i?u=https%3A%2F%2Fexample.com%2F,NXDOMAIN,Sí,"200.24.249.1, 200.24.249.1, 200.24.249.1"
www.mdivenezuela.org,NXDOMAIN,Sí,"200.24.249.1, 200.24.249.1, 200.24.249.1"
adncaraota.xyz,NXDOMAIN,Sí,"200.24.249.1, 200.24.249.1, 200.24.249.1"
www.ecdc.europa.eu/en/geographical-distribution-2019-ncov-cases,NXDOMAIN,Sí,"200.24.249.1, 200.24.249.1, 200.24.249.1"
www.tialsoft.com/download,NXDOMAIN,Sí,"200.24.249.1, 200.24.249.1, 200.24.249.1"
www.france24.com/ar,NXDOMAIN,Sí,"200.24.249.1, 200.24.249.1, 200.24.249.1"
planemergencianacional.com,NXDOMAIN,Sí,"200.24.249.1, 200.24.249.1, 200.24.249.1"
th.bing.com/th/id/OIP.YnpdokcN_OQYn3n41AlqZAHaEe?w=250&h=180&c=7&o=5&pid=1.7,NXDOMAIN,Sí,"200.24.249.1, 200.24.249.1, 200.24.249.1"
www.nytimes.com/interactive/2020/world/coronavirus-maps.html,NXDOMAIN,Sí,"200.24.249.1, 200.24.249.1, 200.24.249.1"
www.infobae.com/america,NXDOMAIN,Sí,"200.24.249.1, 200.24.249.1, 200.24.249.1"
claxi.com.ve,NXDOMAIN,Sí,"200.24.249.1, 200.24.249.1, 200.24.249.1, 200.24.249.1"
bitcoin-mix.org,NXDOMAIN,Sí,"200.24.249.1, 200.24.249.1, 200.24.249.1"
www.nazi-lauck-nsdapao.com,NXDOMAIN,Sí,"200.24.249.1, 200.24.249.1, 200.24.249.1, 200.24.249.1"
licoresmaxinorcenter.com,NXDOMAIN,Sí,"200.24.249.1, 200.24.249.1, 200.24.249.1"
www.provive.com.ve,NXDOMAIN,Sí,"200.24.249.1, 200.24.249.1, 200.24.249.1"
www.fundasidarta.org.ve,NXDOMAIN,Sí,"200.24.249.1, 200.24.249.1, 200.24.249.1"
www.aanonimos.org.ve,NXDOMAIN,Sí,"200.24.249.1, 200.24.249.1, 200.24.249.1"
www.fundahipertension.org.ve,NXDOMAIN,Sí,"200.24.249.1, 200.24.249.1, 200.24.249.1"
site.voicepulse.com,NXDOMAIN,Sí,"200.24.249.1, 200.24.249.1, 200.24.249.1"
www.pptoficial.org.ve,NXDOMAIN,Sí,"200.24.249.1, 200.24.249.1, 200.24.249.1"
www.aveaguagwp.net,NXDOMAIN,Sí,"200.24.249.1, 200.24.249.1, 200.24.249.1"
www.codhez.org.ve,NXDOMAIN,Sí,"200.24.249.1, 200.24.249.1, 200.24.249.1, 200.24.249.1"
secure.flickr.com,NXDOMAIN,Sí,"200.24.249.1, 200.24.249.1, 200.24.249.1"
ifedec.com,NXDOMAIN,Sí,"200.24.249.1, 200.24.249.1, 200.24.249.1"
static.xx.fbcdn.net/favicon.ico,NXDOMAIN,Sí,"200.24.249.1, 200.24.249.1, 200.24.249.1"
static.cdninstagram.com/robots.txt,NXDOMAIN,Sí,"200.24.249.1, 200.24.249.1, 200.24.249.1"
pbs.twimg.com/profile_images/941658150889054208/lFeD3554_200x200.jpg,NXDOMAIN,Sí,"200.24.249.1, 200.24.249.1, 200.24.249.1"
www.facebook.com/RTNews,NXDOMAIN,Sí,"200.24.249.1, 200.24.249.1, 200.24.249.1"
qsbr.fs.quoracdn.net/-4-web.entry.js.out-34-8f7d03da0b7a24ae.webpack,NXDOMAIN,Sí,"200.24.249.1, 200.24.249.1, 200.24.249.1"
fbcdn.net/robots.txt,NXDOMAIN,Sí,"200.24.249.1, 200.24.249.1, 200.24.249.1"
external.xx.fbcdn.net/robots.txt,NXDOMAIN,Sí,"200.24.249.1, 200.24.249.1, 200.24.249.1"
caraota.xyz,NXDOMAIN,Sí,"200.24.249.1, 200.24.249.1, 200.24.249.1"
svcardiologia.org/es,NXDOMAIN,Sí,"200.24.249.1, 200.24.249.1, 200.24.249.1"
scontent-frt3-2.cdninstagram.com/favicon.ico,NXDOMAIN,Sí,"200.24.249.1, 200.24.249.1, 200.24.249.1"
preview.redd.it/robots.txt,NXDOMAIN,Sí,"200.24.249.1, 200.24.249.1, 200.24.249.1"
www.state.gov/j/drl,NXDOMAIN,Sí,"200.24.249.1, 200.24.249.1, 200.24.249.1"
www.caracoltv.com/senal-vivo,NXDOMAIN,Sí,"200.24.249.1, 200.24.249.1, 200.24.249.1"
www.un.org/docs/sc,NXDOMAIN,Sí,"200.24.249.1, 200.24.249.1, 200.24.249.1, 200.24.249.1"
accioncampesina.com,NXDOMAIN,Sí,"200.24.249.1, 200.24.249.1, 200.24.249.1"
www.microsoft.com/en-us/microsoft-365/onedrive/online-cloud-storage,NXDOMAIN,Sí,"200.24.249.1, 200.24.249.1, 200.24.249.1"
s.gr-assets.com/robots.txt,NXDOMAIN,Sí,"200.24.249.1, 200.24.249.1, 200.24.249.1"
staticxx.facebook.com/robots.txt,NXDOMAIN,Sí,"200.24.249.1, 200.24.249.1, 200.24.249.1, 200.24.249.1"
www.bbc.com/news/world-51235105,NXDOMAIN,Sí,"200.24.249.1, 200.24.249.1, 200.24.249.1"
ww38.dollarparalelovenezuela.com,NXDOMAIN,Sí,"200.24.249.1, 200.24.249.1, 200.24.249.1, 200.24.249.1"
www.unfpa.org/swp,NXDOMAIN,Sí,"200.24.249.1, 200.24.249.1, 200.24.249.1"
download.cnet.com/Freegate/3000-2085_4-10415391.html,NXDOMAIN,Sí,"200.24.249.1, 200.24.249.1, 200.24.249.1, 200.24.249.1"
theglobalobservatory.org/2019/07/mandate-renewal-independent-expert-sogi-at-risk,NXDOMAIN,Sí,"200.24.249.1, 200.24.249.1, 200.24.249.1"
www.unimet.edu.ve/centros-y-observatorios/cdh-unimet,NXDOMAIN,Sí,"200.24.249.1, 200.24.249.1, 200.24.249.1"
www.aciva.net.ve,NXDOMAIN,Sí,"200.24.249.1, 200.24.249.1, 200.24.249.1, 200.24.249.1"
yoteayudovenezolano.com,NXDOMAIN,Sí,"200.24.249.1, 200.24.249.1, 200.24.249.1"
upload.wikimedia.org/wikipedia/commons/thumb/3/37/Generic_Camera_Icon.svg/100px-Generic_Camera_Icon.svg.png,NXDOMAIN,Sí,"200.24.249.1, 200.24.249.1, 200.24.249.1"
t.co/Usz3cIuO6v?amp=1,NXDOMAIN,Sí,"200.24.249.1, 200.24.249.1, 200.24.249.1"
abs-0.twimg.com/sticky/default_profile_images/default_profile_normal.png,NXDOMAIN,Sí,"200.24.249.1, 200.24.249.1, 200.24.249.1"
api.twitter.com/1.1/search/tweets.json?q=from%3Atwitterdev\u0026result_type=mixed\u0026count=2,NXDOMAIN,Sí,"200.24.249.1, 200.24.249.1, 200.24.249.1"
abs.twimg.com/sticky/default_profile_images/default_profile_normal.png,NXDOMAIN,Sí,"200.24.249.1, 200.24.249.1, 200.24.249.1"
video-0.twimg.com/tweet_video/EC6DSXDXsAEhHAa.mp4,NXDOMAIN,Sí,"200.24.249.1, 200.24.249.1, 200.24.249.1"
upload.twitter.com/robots.txt,NXDOMAIN,Sí,"200.24.249.1, 200.24.249.1, 200.24.249.1"
ooni.cloudflare-dns.com/dns-query?dns=q80BAAABAAAAAAAAA3d3dwdleGFtcGxlA2NvbQAAAQAB,NXDOMAIN,Sí,"200.24.249.1, 200.24.249.1, 200.24.249.1"
comanditos.com,NXDOMAIN,Sí,"200.24.249.1, 200.24.249.1, 200.24.249.1"
s.pinimg.com/robots.txt,NXDOMAIN,Sí,"200.24.249.1, 200.24.249.1, 200.24.249.1"
www.unwomen.org/en/news/stories?topic=f8c6fb042b184dd482c36bf10173a6aa,NXDOMAIN,Sí,"200.24.249.1, 200.24.249.1, 200.24.249.1"
www.unwomen.org/en/news/stories/2019/5/compilation-lgbti-activists-to-know,NXDOMAIN,Sí,"200.24.249.1, 200.24.249.1, 200.24.249.1"
st1.zoom.us/zoom.ico,NXDOMAIN,Sí,"200.24.249.1, 200.24.249.1, 200.24.249.1"
webcache.googleusercontent.com/robots.txt,NXDOMAIN,Sí,"200.24.249.1, 200.24.249.1, 200.24.249.1"
video-preview.s3.yandex.net/robots.txt,NXDOMAIN,Sí,"200.24.249.1, 200.24.249.1, 200.24.249.1"
vector.im/_matrix/identity/api/v1,NXDOMAIN,Sí,"200.24.249.1, 200.24.249.1, 200.24.249.1"
avatars.mds.yandex.net/robots.txt,NXDOMAIN,Sí,"200.24.249.1, 200.24.249.1, 200.24.249.1"
mirror.fcix.net/fdroid/repo,NXDOMAIN,Sí,"200.24.249.1, 200.24.249.1, 200.24.249.1"
ftp.fau.de/fdroid/repo,NXDOMAIN,Sí,"200.24.249.1, 200.24.249.1, 200.24.249.1"
api.protonvpn.ch/tests/ping,NXDOMAIN,Sí,"200.24.249.1, 200.24.249.1, 200.24.249.1"
im0-tub-com.yandex.net/i?id=462f375c96139f1e41d919b44be2d780&n=13&exp=1,NXDOMAIN,Sí,"200.24.249.1, 200.24.249.1, 200.24.249.1"
doh.dns.sb/dns-query?dns=q80BAAABAAAAAAAAA3d3dwdleGFtcGxlA2NvbQAAAQAB,NXDOMAIN,Sí,"200.24.249.1, 200.24.249.1, 200.24.249.1"
www.cdc.gov/coronavirus/2019-ncov/cases-updates/world-map.html,NXDOMAIN,Sí,"200.24.249.1, 200.24.249.1, 200.24.249.1"
start.ubuntu.com/connectivity-check.html,NXDOMAIN,Sí,"200.24.249.1, 200.24.249.1, 200.24.249.1"
scontent.xx.fbcdn.net/robots.txt,NXDOMAIN,Sí,"200.24.249.1, 200.24.249.1, 200.24.249.1"
www.google.com/search?q=transsexual,NXDOMAIN,Sí,"200.24.249.1, 200.24.249.1, 200.24.249.1"
www.google.com/search?q=gay,NXDOMAIN,Sí,"200.24.249.1, 200.24.249.1, 200.24.249.1"
scontent-ams4-1.cdninstagram.com/favicon.ico,NXDOMAIN,Sí,"200.24.249.1, 200.24.249.1, 200.24.249.1"
edge-mqtt.facebook.com/favicon.ico,NXDOMAIN,Sí,"200.24.249.1, 200.24.249.1, 200.24.249.1"
www.google.com/search?q=lesbian,NXDOMAIN,Sí,"200.24.249.1, 200.24.249.1, 200.24.249.1"
scontent.cdninstagram.com/robots.txt,NXDOMAIN,Sí,"200.24.249.1, 200.24.249.1, 200.24.249.1"
video.cdninstagram.com/favicon.ico,NXDOMAIN,Sí,"200.24.249.1, 200.24.249.1, 200.24.249.1"
web.facebook.com/robots.txt,NXDOMAIN,Sí,"200.24.249.1, 200.24.249.1, 200.24.249.1"
lookaside.facebook.com/robots.txt,NXDOMAIN,Sí,"200.24.249.1, 200.24.249.1, 200.24.249.1"
instagram.fsaw1-13.fna.fbcdn.net/favicon.ico,NXDOMAIN,Sí,"200.24.249.1, 200.24.249.1, 200.24.249.1"
edge-chat.instagram.com/robots.txt,NXDOMAIN,Sí,"200.24.249.1, 200.24.249.1, 200.24.249.1"
cdn.fbsbx.com/favicon.ico,NXDOMAIN,Sí,"200.24.249.1, 200.24.249.1, 200.24.249.1"
www.hon.ch,NXDOMAIN,Sí,"200.24.249.1, 200.24.249.1, 200.24.249.1"
www.ohchr.org/en/issues/sexualorientationgender/pages/index.aspx,NXDOMAIN,Sí,"200.24.249.1, 200.24.249.1, 200.24.249.1"
www.ohchr.org/english/bodies/hrcouncil,NXDOMAIN,Sí,"200.24.249.1, 200.24.249.1, 200.24.249.1"
www.familyequality.org/events/international-family-equality-day,NXDOMAIN,Sí,"200.24.249.1, 200.24.249.1, 200.24.249.1"
neilalexander.s3.dualstack.eu-west-2.amazonaws.com/deb/key.txt,NXDOMAIN,Sí,"200.24.249.1, 200.24.249.1, 200.24.249.1"
www.redditstatic.com/robots.txt,NXDOMAIN,Sí,"200.24.249.1, 200.24.249.1, 200.24.249.1"
styles.redditmedia.com/robots.txt,NXDOMAIN,Sí,"200.24.249.1, 200.24.249.1, 200.24.249.1"
en.wikipedia.org/wiki/Sex_and_gender_distinction,NXDOMAIN,Sí,"200.24.249.1, 200.24.249.1, 200.24.249.1"
www.msftconnecttest.com/connecttest.txt,NXDOMAIN,Sí,"200.24.249.1, 200.24.249.1, 200.24.249.1"
i.pinimg.com/236x/78/6e/00/786e00eab219eca59803d118fbe0feb3.jpg,NXDOMAIN,Sí,"200.24.249.1, 200.24.249.1, 200.24.249.1"
www.msftncsi.com/ncsi.txt,NXDOMAIN,Sí,"200.24.249.1, 200.24.249.1, 200.24.249.1, 200.24.249.1"
www.islaminstitut.de/en,NXDOMAIN,Sí,"200.24.249.1, 200.24.249.1, 200.24.249.1"
www.googleapis.com/auth/cloud-platform,NXDOMAIN,Sí,"200.24.249.1, 200.24.249.1, 200.24.249.1"
www.bing-amp.com/v0/amp-iframe-0.1.js,NXDOMAIN,Sí,"200.24.249.1, 200.24.249.1, 200.24.249.1"
private.canadianshield.cira.ca/dns-query?dns=q80BAAABAAAAAAAAA3d3dwdleGFtcGxlA2NvbQAAAQAB,NXDOMAIN,Sí,"200.24.249.1, 200.24.249.1, 200.24.249.1"
media0.giphy.com/robots.txt,NXDOMAIN,Sí,"200.24.249.1, 200.24.249.1, 200.24.249.1"
family.cloudflare-dns.com/dns-query?dns=q80BAAABAAAAAAAAA3d3dwdleGFtcGxlA2NvbQAAAQAB,NXDOMAIN,Sí,"200.24.249.1, 200.24.249.1, 200.24.249.1, 200.24.249.1, 200.24.249.1"
doh.opendns.com/dns-query?dns=q80BAAABAAAAAAAAA3d3dwdleGFtcGxlA2NvbQAAAQAB,NXDOMAIN,Sí,"200.24.249.1, 200.24.249.1, 200.24.249.1"
www.webbox.com/index.php,NXDOMAIN,Sí,"200.24.249.1, 200.24.249.1, 200.24.249.1"
apps.crowdtangle.com/public-hub/covid19,NXDOMAIN,Sí,"200.24.249.1, 200.24.249.1, 200.24.249.1"
www.elpopular.com.ar,NXDOMAIN,Sí,"200.24.249.1, 200.24.249.1, 200.24.249.1"
scontent-vie1-1.cdninstagram.com/favicon.ico,NXDOMAIN,Sí,"200.24.249.1, 200.24.249.1, 200.24.249.1"
i.instagram.com/robots.txt,NXDOMAIN,Sí,"200.24.249.1, 200.24.249.1, 200.24.249.1"
o0.ingest.sentry.io/api/0,NXDOMAIN,Sí,"200.24.249.1, 200.24.249.1, 200.24.249.1"
sentry.io/api/0,NXDOMAIN,Sí,"200.24.249.1, 200.24.249.1, 200.24.249.1"
psa.org.ar,NXDOMAIN,Sí,"200.24.249.1, 200.24.249.1, 200.24.249.1"
app.developer.here.com/coronavirus,NXDOMAIN,Sí,"200.24.249.1, 200.24.249.1, 200.24.249.1"
adcdigital.org.ar,NXDOMAIN,Sí,"200.24.249.1, 200.24.249.1, 200.24.249.1"
diarioelzondasj.com.ar/index.php,NXDOMAIN,Sí,"200.24.249.1, 200.24.249.1, 200.24.249.1"
www.latinamericancupid.com/en/landing/argentina-dating,NXDOMAIN,Sí,"200.24.249.1, 200.24.249.1, 200.24.249.1"
www.eltribuno.info/jujuy,NXDOMAIN,Sí,"200.24.249.1, 200.24.249.1, 200.24.249.1"
musicaypropuestas.com.ar,NXDOMAIN,Sí,"200.24.249.1, 200.24.249.1, 200.24.249.1"
lh3.googleusercontent.com/favicon.ico,NXDOMAIN,Sí,"200.24.249.1, 200.24.249.1, 200.24.249.1"
www.genderindex.org/country/argentina,NXDOMAIN,Sí,"200.24.249.1, 200.24.249.1, 200.24.249.1"
cloudflare-dns.com/dns-query?dns=q80BAAABAAAAAAAAA3d3dwdleGFtcGxlA2NvbQAAAQAB,NXDOMAIN,Sí,"200.24.249.1, 200.24.249.1, 200.24.249.1"
w3.ibm.com/developer/hacktoberfest,NXDOMAIN,Sí,"200.24.249.1, 200.24.249.1, 200.24.249.1"
check.googlezip.net/connect,NXDOMAIN,Sí,"200.24.249.1, 200.24.249.1, 200.24.249.1"
experience.arcgis.com/experience/685d0ace521648f8a5beeeee1b9125cd,NXDOMAIN,Sí,"200.24.249.1, 200.24.249.1, 200.24.249.1"
assets.gitlab-static.net/robots.txt,NXDOMAIN,Sí,"200.24.249.1, 200.24.249.1, 200.24.249.1"
www.layevangelism.com,NXDOMAIN,Sí,"200.24.249.1, 200.24.249.1, 200.24.249.1"
nvhabana.org,NXDOMAIN,Sí,"200.24.249.1, 200.24.249.1, 200.24.249.1"
www.miradacubana.com,NXDOMAIN,Sí,"200.24.249.1, 200.24.249.1, 200.24.249.1"
bateycubano.com,NXDOMAIN,Sí,"200.24.249.1, 200.24.249.1, 200.24.249.1"
www.es-us.noticias.yahoo.com,NXDOMAIN,Sí,"200.24.249.1, 200.24.249.1, 200.24.249.1"
www.es-us.noticias.yahoo.com,NXDOMAIN,Sí,"200.24.249.1, 200.24.249.1, 200.24.249.1"
www.jsk.stanford.edu,NXDOMAIN,Sí,"200.24.249.1, 200.24.249.1, 200.24.249.1"
nextstrain.org/ncov,NXDOMAIN,Sí,"200.24.249.1, 200.24.249.1, 200.24.249.1"
external-content.duckduckgo.com/robots.txt,NXDOMAIN,Sí,"200.24.249.1, 200.24.249.1, 200.24.249.1"
www.qhtyzx.com,NXDOMAIN,Sí,"200.24.249.1, 200.24.249.1, 200.24.249.1"
pridesource.com/article/top-10-international-lgbt-stories-of-2018,NXDOMAIN,Sí,"200.24.249.1, 200.24.249.1, 200.24.249.1"
notifications-pa.googleapis.com/robots.txt,NXDOMAIN,Sí,"200.24.249.1, 200.24.249.1, 200.24.249.1"
www.healthmap.org/covid-19,NXDOMAIN,Sí,"200.24.249.1, 200.24.249.1, 200.24.249.1"
gisanddata.maps.arcgis.com/apps/dashboards/bda7594740fd40299423467b48e9ecf6,NXDOMAIN,Sí,"200.24.249.1, 200.24.249.1, 200.24.249.1"
fdroid.tetaneutral.net/fdroid/repo,NXDOMAIN,Sí,"200.24.249.1, 200.24.249.1, 200.24.249.1"
matrix-client.matrix.org/_matrix/client/versions,NXDOMAIN,Sí,"200.24.249.1, 200.24.249.1, 200.24.249.1"
qph.fs.quoracdn.net/main-thumb-1117688072-200-uijiqfjcmlvaxczdrlawbgyaomfocdnt.jpeg,NXDOMAIN,Sí,"200.24.249.1, 200.24.249.1, 200.24.249.1"
pps.whatsapp.net/robots.txt,NXDOMAIN,Sí,"200.24.249.1, 200.24.249.1, 200.24.249.1"
earthobservatory.nasa.gov/global-maps,NXDOMAIN,Sí,"200.24.249.1, 200.24.249.1, 200.24.249.1"
docs.github.com/en,NXDOMAIN,Sí,"200.24.249.1, 200.24.249.1, 200.24.249.1"
cdn.jsdelivr.net/favicon.ico,NXDOMAIN,Sí,"200.24.249.1, 200.24.249.1, 200.24.249.1"
cdn.ampproject.org/v0/amp-iframe-0.1.js,NXDOMAIN,Sí,"200.24.249.1, 200.24.249.1, 200.24.249.1"
apps.apple.com/us/developer/apple/id284417353,NXDOMAIN,Sí,"200.24.249.1, 200.24.249.1, 200.24.249.1"
android.googleapis.com/robots.txt,NXDOMAIN,Sí,"200.24.249.1, 200.24.249.1, 200.24.249.1"
android.apis.google.com/robots.txt,NXDOMAIN,Sí,"200.24.249.1, 200.24.249.1, 200.24.249.1"
ajax.aspnetcdn.com/ajax/4.5.2/1/MicrosoftAjax.js,NXDOMAIN,Sí,"200.24.249.1, 200.24.249.1, 200.24.249.1"
www.worldometers.info/coronavirus,NXDOMAIN,Sí,"200.24.249.1, 200.24.249.1, 200.24.249.1"
media.fevn1-1.fna.whatsapp.net/robots.txt,NXDOMAIN,Sí,"200.24.249.1, 200.24.249.1, 200.24.249.1"
www.wikidata.org/wiki/Wikidata:Main_Page,NXDOMAIN,Sí,"200.24.249.1, 200.24.249.1, 200.24.249.1"
chrome.google.com/webstore/category/extensions,NXDOMAIN,Sí,"200.24.249.1, 200.24.249.1, 200.24.249.1, 200.24.249.1"
icao.maps.arcgis.com/apps/opsdashboard/index.html#/977dde48256b489fb48fa98e724721e8,NXDOMAIN,Sí,"200.24.249.1, 200.24.249.1, 200.24.249.1"
support.therapytribe.com/hivaids-support-group,NXDOMAIN,Sí,"200.24.249.1, 200.24.249.1, 200.24.249.1"
www.kff.org/global-health-policy/fact-sheet/coronavirus-tracker,NXDOMAIN,Sí,"200.24.249.1, 200.24.249.1, 200.24.249.1"
cepsnicaragua.org,NXDOMAIN,Sí,"200.24.249.1, 200.24.249.1, 200.24.249.1, 200.24.249.1"
www.inde.org.ni,NXDOMAIN,Sí,"200.24.249.1, 200.24.249.1, 200.24.249.1"
anpdhoficial.org,NXDOMAIN,Sí,"200.24.249.1, 200.24.249.1, 200.24.249.1"
www.cadin.org.ni,NXDOMAIN,Sí,"200.24.249.1, 200.24.249.1, 200.24.249.1"
www.allactionhost.com/es-ni/web-hosting,NXDOMAIN,Sí,"200.24.249.1, 200.24.249.1, 200.24.249.1, 200.24.249.1, 200.24.249.1"
cadur.org.ni,NXDOMAIN,Sí,"200.24.249.1, 200.24.249.1, 200.24.249.1"
www.asociacionlaamistadmatagalpa.org/menu.html,NXDOMAIN,Sí,"200.24.249.1, 200.24.249.1, 200.24.249.1"
www.acodep.org.ni,NXDOMAIN,Sí,"200.24.249.1, 200.24.249.1, 200.24.249.1, 200.24.249.1"
www.budaguate.org,NXDOMAIN,Sí,"200.24.249.1, 200.24.249.1, 200.24.249.1"
www.tierra-viva.org,NXDOMAIN,Sí,"200.24.249.1, 200.24.249.1, 200.24.249.1"
www.partidoune.org,NXDOMAIN,Sí,"200.24.249.1, 200.24.249.1, 200.24.249.1"
www.lavisionfm.net,NXDOMAIN,Sí,"200.24.249.1, 200.24.249.1, 200.24.249.1"
www.casahillel.com,NXDOMAIN,Sí,"200.24.249.1, 200.24.249.1, 200.24.249.1"
usuarios.lycos.es/ateismoguatemala/principal.html,NXDOMAIN,Sí,"200.24.249.1, 200.24.249.1, 200.24.249.1"
www.edf.org/fight-global-warming,NXDOMAIN,Sí,"200.24.249.1, 200.24.249.1, 200.24.249.1"
www.1800respect.org.au/languages,NXDOMAIN,Sí,"200.24.249.1, 200.24.249.1, 200.24.249.1"
www.crecer.org.gt,NXDOMAIN,Sí,"200.24.249.1, 200.24.249.1, 200.24.249.1"
pi2.com/isotonic/gentejoven/GENTE%20JOVEN.htm,NXDOMAIN,Sí,"200.24.249.1, 200.24.249.1, 200.24.249.1"
www.gub.uy/ministerio-educacion-cultura,NXDOMAIN,Sí,"200.24.249.1, 200.24.249.1, 200.24.249.1"
www.cels.org.ar/web,NXDOMAIN,Sí,"200.24.249.1, 200.24.249.1, 200.24.249.1"
wearenexa.com/infrastructure,NXDOMAIN,Sí,"200.24.249.1, 200.24.249.1, 200.24.249.1"
mega.io/es,NXDOMAIN,Sí,"200.24.249.1, 200.24.249.1, 200.24.249.1"
proton.me/mail,NXDOMAIN,Sí,"200.24.249.1, 200.24.249.1, 200.24.249.1"
fundaproba.org,NXDOMAIN,Sí,"200.24.249.1, 200.24.249.1, 200.24.249.1"
diversidad.uy,NXDOMAIN,Sí,"200.24.249.1, 200.24.249.1, 200.24.249.1"
economia.org.ar,NXDOMAIN,Sí,"200.24.249.1, 200.24.249.1, 200.24.249.1"
files.uy,NXDOMAIN,Sí,"200.24.249.1, 200.24.249.1, 200.24.249.1"
compartir.org.ar,NXDOMAIN,Sí,"200.24.249.1, 200.24.249.1, 200.24.249.1"
genero.edu.uy,NXDOMAIN,Sí,"200.24.249.1, 200.24.249.1, 200.24.249.1"
loltvhd.pe,NXDOMAIN,Sí,"200.24.249.1, 200.24.249.1, 200.24.249.1"
x.com/maxifirtman/status/1843680618296816037,NXDOMAIN,Sí,"200.24.249.1, 200.24.249.1, 200.24.249.1, 200.24.249.1"
www.diariojudicial.com/news-98934-la-justicia-se-mete-en-la-clonacion-por-ia,NXDOMAIN,Sí,"200.24.249.1, 200.24.249.1, 200.24.249.1"
x.com/noticiasdel6/status/1831294314921513089,NXDOMAIN,Sí,"200.24.249.1, 200.24.249.1, 200.24.249.1"
x.com/Hechosanderecho/status/1845092479634141537,NXDOMAIN,Sí,"200.24.249.1, 200.24.249.1, 200.24.249.1"
x.com/infobae/status/1839449714481102855,NXDOMAIN,Sí,"200.24.249.1, 200.24.249.1, 200.24.249.1"
x.com/laderechadiario/status/1612183349870592002,NXDOMAIN,Sí,"200.24.249.1, 200.24.249.1, 200.24.249.1"
x.com/DiktyonCuba/status/1783956002276044832,NXDOMAIN,Sí,"200.24.249.1, 200.24.249.1, 200.24.249.1"
guardianesdigitales.blogspot.com/2024/04/informe-4-sobre-la-salud-del-internet.html,NXDOMAIN,Sí,"200.24.249.1, 200.24.249.1, 200.24.249.1"
x.com/OpenObservatory/status/1835360393906074078,NXDOMAIN,Sí,"200.24.249.1, 200.24.249.1, 200.24.249.1"
x.com/ElSalvadorNot/status/1835383668182778028,NXDOMAIN,Sí,"200.24.249.1, 200.24.249.1, 200.24.249.1"
x.com/Balmo77/status/1835189240067453076,NXDOMAIN,Sí,"200.24.249.1, 200.24.249.1, 200.24.249.1"
x.com/daewound/status/1835193283351323132,NXDOMAIN,Sí,"200.24.249.1, 200.24.249.1, 200.24.249.1"
x.com/antoasb/status/1839865743149617457,NXDOMAIN,Sí,"200.24.249.1, 200.24.249.1, 200.24.249.1"
x.com/luisangelsas/status/1026454067697070080,NXDOMAIN,Sí,"200.24.249.1, 200.24.249.1, 200.24.249.1"
x.com/ColectivoNunca/status/1758236500200693919,NXDOMAIN,Sí,"200.24.249.1, 200.24.249.1, 200.24.249.1"
x.com/eduardomenoni/status/1834442967395844456,NXDOMAIN,Sí,"200.24.249.1, 200.24.249.1, 200.24.249.1"
x.com/dw_espanol/status/1455697483342888962,NXDOMAIN,Sí,"200.24.249.1, 200.24.249.1, 200.24.249.1"
x.com/laprensa/status/987019686478049280,NXDOMAIN,Sí,"200.24.249.1, 200.24.249.1, 200.24.249.1"
x.com/laprensa/status/1124790072480550913,NXDOMAIN,Sí,"200.24.249.1, 200.24.249.1, 200.24.249.1"
x.com/VilloVC/status/1528229430157623296,NXDOMAIN,Sí,"200.24.249.1, 200.24.249.1, 200.24.249.1"
www.articulo66.com/2022/05/21/nicaragua-investiga-pagina-web-ataque-banpro,NXDOMAIN,Sí,"200.24.249.1, 200.24.249.1, 200.24.249.1"
x.com/cristiancrespoj/status/1232438333898280960,NXDOMAIN,Sí,"200.24.249.1, 200.24.249.1, 200.24.249.1"
x.com/RoderickNavarro/status/987063678838231041,NXDOMAIN,Sí,"200.24.249.1, 200.24.249.1, 200.24.249.1"
x.com/fondo_Indela/status/1767561217214689529,NXDOMAIN,Sí,"200.24.249.1, 200.24.249.1, 200.24.249.1"
x.com/gusgomezgermano/status/1855018343775756669,NXDOMAIN,Sí,"200.24.249.1, 200.24.249.1, 200.24.249.1"
x.com/DerechaDiarioUY/status/1852890050662482009,NXDOMAIN,Sí,"200.24.249.1, 200.24.249.1, 200.24.249.1"
x.com/derechosdigital/status/1582812582540296193,NXDOMAIN,Sí,"200.24.249.1, 200.24.249.1, 200.24.249.1"
www.derechosdigitales.org/19424/bloqueo-de-transmisiones-un-partido-dificil,NXDOMAIN,Sí,"200.24.249.1, 200.24.249.1, 200.24.249.1"
x.com/dw_espanol/status/1403483431896551424,NXDOMAIN,Sí,"200.24.249.1, 200.24.249.1, 200.24.249.1"
x.com/dw_espanol/status/1398085362698932230,NXDOMAIN,Sí,"200.24.249.1, 200.24.249.1, 200.24.249.1"
x.com/RadioMercosul/status/1106572157528752128,NXDOMAIN,Sí,"200.24.249.1, 200.24.249.1, 200.24.249.1"
x.com/abogadoscomar/status/1204371199469477888,NXDOMAIN,Sí,"200.24.249.1, 200.24.249.1, 200.24.249.1"
x.com/vesinfiltro/status/1815518779255980276,NXDOMAIN,Sí,"200.24.249.1, 200.24.249.1, 200.24.249.1"
x.com/ProtonVPN/status/1814335840136442004,NXDOMAIN,Sí,"200.24.249.1, 200.24.249.1, 200.24.249.1, 200.24.249.1"
x.com/infobaeamerica/status/1818300988480180469,NXDOMAIN,Sí,"200.24.249.1, 200.24.249.1, 200.24.249.1, 200.24.249.1"
x.com/destapandolose1/status/1821908644780503091,NXDOMAIN,Sí,"200.24.249.1, 200.24.249.1, 200.24.249.1"
x.com/MelanioBar/status/1840146424719106319,NXDOMAIN,Sí,"200.24.249.1, 200.24.249.1, 200.24.249.1"
x.com/laderechadiario/status/1818311432859009346,NXDOMAIN,Sí,"200.24.249.1, 200.24.249.1, 200.24.249.1"
browsec.com/en,NXDOMAIN,Sí,"200.24.249.1, 200.24.249.1, 200.24.249.1"
hide.me/es,NXDOMAIN,Sí,"200.24.249.1, 200.24.249.1, 200.24.249.1"
www.ipvanish.com/es,NXDOMAIN,Sí,"200.24.249.1, 200.24.249.1, 200.24.249.1"
mullvad.net/es,NXDOMAIN,Sí,"200.24.249.1, 200.24.249.1, 200.24.249.1"
nordvpn.com/es,NXDOMAIN,Sí,"200.24.249.1, 200.24.249.1, 200.24.249.1"
zoogvpn.com/es,NXDOMAIN,Sí,"200.24.249.1, 200.24.249.1, 200.24.249.1"
psiphon3.com/es/index.html,NXDOMAIN,Sí,"200.24.249.1, 200.24.249.1, 200.24.249.1"
surfshark.com/es,NXDOMAIN,Sí,"200.24.249.1, 200.24.249.1, 200.24.249.1"
ultravpn.com/es,NXDOMAIN,Sí,"200.24.249.1, 200.24.249.1, 200.24.249.1"
www.reddit.com/?rdt=44225,NXDOMAIN,Sí,"200.24.249.1, 200.24.249.1, 200.24.249.1"
web.telegram.org/k,NXDOMAIN,Sí,"200.24.249.1, 200.24.249.1, 200.24.249.1"
procashdream.com/terminos_condiciones.pdf,NXDOMAIN,Sí,"200.24.249.1, 200.24.249.1, 200.24.249.1"
www.instagram.com/procashdream,NXDOMAIN,Sí,"200.24.249.1, 200.24.249.1, 200.24.249.1"
www.instagram.com/procashoficial,NXDOMAIN,Sí,"200.24.249.1, 200.24.249.1, 200.24.249.1"
www.facebook.com/TronArgentina,NXDOMAIN,Sí,"200.24.249.1, 200.24.249.1, 200.24.249.1"
www.facebook.com/ProcashOficial,NXDOMAIN,Sí,"200.24.249.1, 200.24.249.1, 200.24.249.1"
www.youtube.com/channel/UCG7X6Gn1005nahwn7HCztw,NXDOMAIN,Sí,"200.24.249.1, 200.24.249.1, 200.24.249.1"
who.is/whois/procashdream.com,NXDOMAIN,Sí,"200.24.249.1, 200.24.249.1, 200.24.249.1"
adguard-dns.io/es/welcome.html,NXDOMAIN,Sí,"200.24.249.1, 200.24.249.1, 200.24.249.1"
bit.ly/venezuela911,NXDOMAIN,Sí,"200.24.249.1, 200.24.249.1, 200.24.249.1"
lavenezueladelencuentro.com/lander,NXDOMAIN,Sí,"200.24.249.1, 200.24.249.1, 200.24.249.1"
insightcrime.org/es,NXDOMAIN,Sí,"200.24.249.1, 200.24.249.1, 200.24.249.1"
vodkapr3mium.com/.&nbsp,NXDOMAIN,Sí,"200.24.249.1, 200.24.249.1, 200.24.249.1"
deportelibre.futbol,NXDOMAIN,Sí,"200.24.249.1, 200.24.249.1, 200.24.249.1"
www.soccerl.futbolandres.xyz,NXDOMAIN,Sí,"200.24.249.1, 200.24.249.1, 200.24.249.1"
pelotalibretvhd.pe,NXDOMAIN,Sí,"200.24.249.1, 200.24.249.1, 200.24.249.1"
pricesaskeloadsc.com/.&nbsp,NXDOMAIN,Sí,"200.24.249.1, 200.24.249.1, 200.24.249.1"
www.rojadiretatv.lol,NXDOMAIN,Sí,"200.24.249.1, 200.24.249.1, 200.24.249.1"
streamtp2.com.&nbsp,NXDOMAIN,Sí,"200.24.249.1, 200.24.249.1, 200.24.249.1"
rojadirectaenvivotv.uno/.&nbsp,NXDOMAIN,Sí,"200.24.249.1, 200.24.249.1, 200.24.249.1"
rojadirectaenvivo.me/.&nbsp,NXDOMAIN,Sí,"200.24.249.1, 200.24.249.1, 200.24.249.1"
pricesaskeloadsc.com,NXDOMAIN,Sí,"200.24.249.1, 200.24.249.1, 200.24.249.1"
tvhd.pe,NXDOMAIN,Sí,"200.24.249.1, 200.24.249.1, 200.24.249.1, 200.24.249.1"
www.zdsptv.com.&nbsp,NXDOMAIN,Sí,"200.24.249.1, 200.24.249.1, 200.24.249.1"
pelotalibre.pe,NXDOMAIN,Sí,"200.24.249.1, 200.24.249.1, 200.24.249.1, 200.24.249.1"
www.futbollibre.run&nbsp,NXDOMAIN,Sí,"200.24.249.1, 200.24.249.1, 200.24.249.1"
www.tarjetarojahd.org&nbsp,NXDOMAIN,Sí,"200.24.249.1, 200.24.249.1, 200.24.249.1"
www.verhd.xyz/&nbsp,NXDOMAIN,Sí,"200.24.249.1, 200.24.249.1, 200.24.249.1"
deporte-libre.fans/.&nbsp,NXDOMAIN,Sí,"200.24.249.1, 200.24.249.1, 200.24.249.1"
todopelotatvhd.com/&nbsp,NXDOMAIN,Sí,"200.24.249.1, 200.24.249.1, 200.24.249.1"
totototorina.com,NXDOMAIN,Sí,"200.24.249.1, 200.24.249.1, 200.24.249.1"
starfamily.vi,NXDOMAIN,Sí,"200.24.249.1, 200.24.249.1, 200.24.249.1"
www.tutvuy.com,NXDOMAIN,Sí,"200.24.249.1, 200.24.249.1, 200.24.249.1"
futbolparatodostv.online,NXDOMAIN,Sí,"200.24.249.1, 200.24.249.1, 200.24.249.1"
rojadirectatvhd.es,NXDOMAIN,Sí,"200.24.249.1, 200.24.249.1, 200.24.249.1"
tv.latiniptvplus.com:8000,NXDOMAIN,Sí,"200.24.249.1, 200.24.249.1, 200.24.249.1"
exitotv.uno,NXDOMAIN,Sí,"200.24.249.1, 200.24.249.1, 200.24.249.1"
sfntv.xyz,NXDOMAIN,Sí,"200.24.249.1, 200.24.249.1, 200.24.249.1"
exitotv.boo,NXDOMAIN,Sí,"200.24.249.1, 200.24.249.1, 200.24.249.1"
exitotv.boo,NXDOMAIN,Sí,"200.24.249.1, 200.24.249.1, 200.24.249.1"
futbolparatodos.online/es,NXDOMAIN,Sí,"200.24.249.1, 200.24.249.1, 200.24.249.1"
megadeportes.xyz/https://krakentv.pro,NXDOMAIN,Sí,"200.24.249.1, 200.24.249.1, 200.24.249.1"
sfntv.xyz,NXDOMAIN,Sí,"200.24.249.1, 200.24.249.1, 200.24.249.1, 200.24.249.1"
www.tramitaya.com,NXDOMAIN,Sí,"200.24.249.1, 200.24.249.1, 200.24.249.1"
tramitaya.com.ar,NXDOMAIN,Sí,"200.24.249.1, 200.24.249.1, 200.24.249.1"
www.sports.ladbrokes.com,NXDOMAIN,Sí,"200.24.249.1, 200.24.249.1, 200.24.249.1"
99cargo.com.ar,NXDOMAIN,Sí,"200.24.249.1, 200.24.249.1, 200.24.249.1"
www.bahsegel88.com,NXDOMAIN,Sí,"200.24.249.1, 200.24.249.1, 200.24.249.1"
www.horizontsport.com,NXDOMAIN,Sí,"200.24.249.1, 200.24.249.1, 200.24.249.1"
www.euromoom.com,NXDOMAIN,Sí,"200.24.249.1, 200.24.249.1, 200.24.249.1"
registrodeautomotor.com.ar,NXDOMAIN,Sí,"200.24.249.1, 200.24.249.1, 200.24.249.1"
www.tramitaya.com.ar,NXDOMAIN,Sí,"200.24.249.1, 200.24.249.1, 200.24.249.1"
www.creditorenault.com,NXDOMAIN,Sí,"200.24.249.1, 200.24.249.1, 200.24.249.1"
www.inwtbet.com,NXDOMAIN,Sí,"200.24.249.1, 200.24.249.1, 200.24.249.1"
www.dorpmefiles.net/ru/d/Re7A,NXDOMAIN,Sí,"200.24.249.1, 200.24.249.1, 200.24.249.1"
www.creditorenault.com,NXDOMAIN,Sí,"200.24.249.1, 200.24.249.1, 200.24.249.1"
credito-renault.com,NXDOMAIN,Sí,"200.24.249.1, 200.24.249.1, 200.24.249.1, 200.24.249.1"
cogerhoy.com/date/mercadolibre/es/4037,NXDOMAIN,Sí,"200.24.249.1, 200.24.249.1, 200.24.249.1"
www.bingofling.aom,NXDOMAIN,Sí,"200.24.249.1, 200.24.249.1, 200.24.249.1"
www.brightstarcasino.com,NXDOMAIN,Sí,"200.24.249.1, 200.24.249.1, 200.24.249.1"
www.betfase.com,NXDOMAIN,Sí,"200.24.249.1, 200.24.249.1, 200.24.249.1"
www.ticketgo.com.ar,NXDOMAIN,Sí,"200.24.249.1, 200.24.249.1, 200.24.249.1"
www.vietbet.eu,NXDOMAIN,Sí,"200.24.249.1, 200.24.249.1, 200.24.249.1"
www.cuevana2.com,NXDOMAIN,Sí,"200.24.249.1, 200.24.249.1, 200.24.249.1"
www.tickeygo.com.ar,NXDOMAIN,Sí,"200.24.249.1, 200.24.249.1, 200.24.249.1"
www.casozambon.com,NXDOMAIN,Sí,"200.24.249.1, 200.24.249.1, 200.24.249.1"
www.melajuego.bet,NXDOMAIN,Sí,"200.24.249.1, 200.24.249.1, 200.24.249.1"
www.hipert72bet.com,NXDOMAIN,Sí,"200.24.249.1, 200.24.249.1, 200.24.249.1"
www.forvetbet15.com,NXDOMAIN,Sí,"200.24.249.1, 200.24.249.1, 200.24.249.1"
www.betebet75.com,NXDOMAIN,Sí,"200.24.249.1, 200.24.249.1, 200.24.249.1"
gamingclub.comcaptaincookscasino.eu/envazagaming.comluxurycasino.com/en,NXDOMAIN,Sí,"200.24.249.1, 200.24.249.1, 200.24.249.1"
casinoroom.com/es,NXDOMAIN,Sí,"200.24.249.1, 200.24.249.1, 200.24.249.1"
casinoaction.com/es,NXDOMAIN,Sí,"200.24.249.1, 200.24.249.1, 200.24.249.1"
queenvegas.com/esquatrocasino.com/endublinbet1.com/es,NXDOMAIN,Sí,"200.24.249.1, 200.24.249.1, 200.24.249.1"
villento.com/enkingbilly.info/casinoguruukcasinoclub.eu/en,NXDOMAIN,Sí,"200.24.249.1, 200.24.249.1, 200.24.249.1"
mrgreen.com/latam,NXDOMAIN,Sí,"200.24.249.1, 200.24.249.1, 200.24.249.1"
blackjackballroom.eu/enzuryk.com,NXDOMAIN,Sí,"200.24.249.1, 200.24.249.1, 200.24.249.1"
lsbet688.com,NXDOMAIN,Sí,"200.24.249.1, 200.24.249.1, 200.24.249.1"
ar.1xbet.com/es,NXDOMAIN,Sí,"200.24.249.1, 200.24.249.1, 200.24.249.1"
promotions.betfair.com/sports,NXDOMAIN,Sí,"200.24.249.1, 200.24.249.1, 200.24.249.1"
bet365.com/es,NXDOMAIN,Sí,"200.24.249.1, 200.24.249.1, 200.24.249.1"
promociones.betfair.es/sportslsagaming.com,NXDOMAIN,Sí,"200.24.249.1, 200.24.249.1, 200.24.249.1, 200.24.249.1"
marcaapuestas.eswiracasino.com,NXDOMAIN,Sí,"200.24.249.1, 200.24.249.1, 200.24.249.1"
sportium.es/apuestas-deportivas,NXDOMAIN,Sí,"200.24.249.1, 200.24.249.1, 200.24.249.1"
grandmondial.eu/en,NXDOMAIN,Sí,"200.24.249.1, 200.24.249.1, 200.24.249.1"
static.williamhill.es/apuestas-deportivas,NXDOMAIN,Sí,"200.24.249.1, 200.24.249.1, 200.24.249.1"
marathonbet.essuertia.es,NXDOMAIN,Sí,"200.24.249.1, 200.24.249.1, 200.24.249.1"
freeslots.com.esrubyfortune.com/en,NXDOMAIN,Sí,"200.24.249.1, 200.24.249.1, 200.24.249.1"
jackpotcitycasino.com/argentina,NXDOMAIN,Sí,"200.24.249.1, 200.24.249.1, 200.24.249.1"
kirolbet.es/esp/sport,NXDOMAIN,Sí,"200.24.249.1, 200.24.249.1, 200.24.249.1"
apuestas.casinogranmaridonline.es,NXDOMAIN,Sí,"200.24.249.1, 200.24.249.1, 200.24.249.1, 200.24.249.1"
fun88.co.ukbetapuesta.com,NXDOMAIN,Sí,"200.24.249.1, 200.24.249.1, 200.24.249.1"
cardschat.com/ar/casinos,NXDOMAIN,Sí,"200.24.249.1, 200.24.249.1, 200.24.249.1"
legalbet.es/casas-de-apuestas,NXDOMAIN,Sí,"200.24.249.1, 200.24.249.1, 200.24.249.1"
sportsbwin.com/es/sports,NXDOMAIN,Sí,"200.24.249.1, 200.24.249.1, 200.24.249.1"
apuestafree.com,NXDOMAIN,Sí,"200.24.249.1, 200.24.249.1, 200.24.249.1"
apuestaonline.net/argentina,NXDOMAIN,Sí,"200.24.249.1, 200.24.249.1, 200.24.249.1, 200.24.249.1"
sportaytrader.es,NXDOMAIN,Sí,"200.24.249.1, 200.24.249.1, 200.24.249.1"
onlinecasinoreports.com.arapuestasonline.net,NXDOMAIN,Sí,"200.24.249.1, 200.24.249.1, 200.24.249.1"
drive.www.uber.com/argentina,NXDOMAIN,Sí,"200.24.249.1, 200.24.249.1, 200.24.249.1"
www.eurogrand.com/es/ar,NXDOMAIN,Sí,"200.24.249.1, 200.24.249.1, 200.24.249.1"
www.oziriscsino.com,NXDOMAIN,Sí,"200.24.249.1, 200.24.249.1, 200.24.249.1"
www.zambonpederasta.com,NXDOMAIN,Sí,"200.24.249.1, 200.24.249.1, 200.24.249.1"
www.miljugadas1.com,NXDOMAIN,Sí,"200.24.249.1, 200.24.249.1, 200.24.249.1"
www.princessbet.comen,NXDOMAIN,Sí,"200.24.249.1, 200.24.249.1, 200.24.249.1"
www.soltscapital.lv,NXDOMAIN,Sí,"200.24.249.1, 200.24.249.1, 200.24.249.1"
www.carbogaming.ag,NXDOMAIN,Sí,"200.24.249.1, 200.24.249.1, 200.24.249.1"
www.miljugadas2.com,NXDOMAIN,Sí,"200.24.249.1, 200.24.249.1, 200.24.249.1"
www.miljugadas55.com,NXDOMAIN,Sí,"200.24.249.1, 200.24.249.1, 200.24.249.1"
www.sporttpesa.uk,NXDOMAIN,Sí,"200.24.249.1, 200.24.249.1, 200.24.249.1"
www.lowvig.ar,NXDOMAIN,Sí,"200.24.249.1, 200.24.249.1, 200.24.249.1"
www.gametwist.com/es,NXDOMAIN,Sí,"200.24.249.1, 200.24.249.1, 200.24.249.1"
www.tigeraming.com,NXDOMAIN,Sí,"200.24.249.1, 200.24.249.1, 200.24.249.1"
www.chinesebookie.com,NXDOMAIN,Sí,"200.24.249.1, 200.24.249.1, 200.24.249.1"
www.walterraulzambon.com,NXDOMAIN,Sí,"200.24.249.1, 200.24.249.1, 200.24.249.1"
www.casinoonlinemidas.com,NXDOMAIN,Sí,"200.24.249.1, 200.24.249.1, 200.24.249.1"
www.pokerklas61.com,NXDOMAIN,Sí,"200.24.249.1, 200.24.249.1, 200.24.249.1"
ar.spingol.com,NXDOMAIN,Sí,"200.24.249.1, 200.24.249.1, 200.24.249.1"
opinionprohibida.blogspot.com.ar2024y2025,NXDOMAIN,Sí,"200.24.249.1, 200.24.249.1, 200.24.249.1"
nraxmagph.ahjdgf8fgfdd.com,NXDOMAIN,Sí,"200.24.249.1, 200.24.249.1, 200.24.249.1"
www.instagram.com/parodirodrigo5?igsh=MWdkeDVxNWhqMTJneA==,NXDOMAIN,Sí,"200.24.249.1, 200.24.249.1, 200.24.249.1"
futbol‐libre‐tv.com,NXDOMAIN,Sí,"200.24.249.1, 200.24.249.1, 200.24.249.1"
librefutboltv.com.es,NXDOMAIN,Sí,"200.24.249.1, 200.24.249.1, 200.24.249.1"
libre‐futbol‐tv.org,NXDOMAIN,Sí,"200.24.249.1, 200.24.249.1, 200.24.249.1"
libre‐futbol.online,NXDOMAIN,Sí,"200.24.249.1, 200.24.249.1, 200.24.249.1"
rojadirectatvonline.nl,NXDOMAIN,Sí,"200.24.249.1, 200.24.249.1, 200.24.249.1"
rojadirectaenvivo.su,NXDOMAIN,Sí,"200.24.249.1, 200.24.249.1, 200.24.249.1, 200.24.249.1"
roja‐directa.io,NXDOMAIN,Sí,"200.24.249.1, 200.24.249.1, 200.24.249.1"
pelotalibretvhd.pe,NXDOMAIN,Sí,"200.24.249.1, 200.24.249.1, 200.24.249.1"
casibet.io,NXDOMAIN,Sí,"200.24.249.1, 200.24.249.1, 200.24.249.1"
casibet.pro,NXDOMAIN,Sí,"200.24.249.1, 200.24.249.1, 200.24.249.1"
casino33.la,NXDOMAIN,Sí,"200.24.249.1, 200.24.249.1, 200.24.249.1"
casinopro.la,NXDOMAIN,Sí,"200.24.249.1, 200.24.249.1, 200.24.249.1"
jugando.io,NXDOMAIN,Sí,"200.24.249.1, 200.24.249.1, 200.24.249.1"
profebet.co,NXDOMAIN,Sí,"200.24.249.1, 200.24.249.1, 200.24.249.1"
arg-1xbet.com/es,NXDOMAIN,Sí,"200.24.249.1, 200.24.249.1, 200.24.249.1"
1xcasino-172143.top/es,NXDOMAIN,Sí,"200.24.249.1, 200.24.249.1, 200.24.249.1"
1xslot.com/es,NXDOMAIN,Sí,"200.24.249.1, 200.24.249.1, 200.24.249.1"
1xslots-casino.com.ar/Entalsent,NXDOMAIN,Sí,"200.24.249.1, 200.24.249.1, 200.24.249.1"
22bet.com/es,NXDOMAIN,Sí,"200.24.249.1, 200.24.249.1, 200.24.249.1"
www.rainbowex.site,NXDOMAIN,Sí,"200.24.249.1, 200.24.249.1, 200.24.249.1"
www.facebook.com/escuelabiografiahumana,NXDOMAIN,Sí,"200.24.249.1, 200.24.249.1, 200.24.249.1"
h5.rainbowex.life/#,NXDOMAIN,Sí,"200.24.249.1, 200.24.249.1, 200.24.249.1"
h5.rainbowex.life/#/pages/download/download,NXDOMAIN,Sí,"200.24.249.1, 200.24.249.1, 200.24.249.1"
dle.rae.es/jud%C3%ADo,NXDOMAIN,Sí,"200.24.249.1, 200.24.249.1, 200.24.249.1"
magistvlatin.com,NXDOMAIN,Sí,"200.24.249.1, 200.24.249.1, 200.24.249.1"
magistvoficial.org,NXDOMAIN,Sí,"200.24.249.1, 200.24.249.1, 200.24.249.1, 200.24.249.1"
magistv.la,NXDOMAIN,Sí,"200.24.249.1, 200.24.249.1, 200.24.249.1"
magistv.stream,NXDOMAIN,Sí,"200.24.249.1, 200.24.249.1, 200.24.249.1"
www.magis.com.ec,NXDOMAIN,Sí,"200.24.249.1, 200.24.249.1, 200.24.249.1"
magis-cr.com,NXDOMAIN,Sí,"200.24.249.1, 200.24.249.1, 200.24.249.1"
www.facebook.com/campeonbet,NXDOMAIN,Sí,"200.24.249.1, 200.24.249.1, 200.24.249.1"
www.superbet.pro,NXDOMAIN,Sí,"200.24.249.1, 200.24.249.1, 200.24.249.1, 200.24.249.1, 200.24.249.1"
mystake.com/en,NXDOMAIN,Sí,"200.24.249.1, 200.24.249.1, 200.24.249.1"
www.20bet.com/es,NXDOMAIN,Sí,"200.24.249.1, 200.24.249.1, 200.24.249.1"
www.20bet.ar,NXDOMAIN,Sí,"200.24.249.1, 200.24.249.1, 200.24.249.1"
jugavip.com,NXDOMAIN,Sí,"200.24.249.1, 200.24.249.1, 200.24.249.1"
casinomonaco.bet,NXDOMAIN,Sí,"200.24.249.1, 200.24.249.1, 200.24.249.1"
1xbet.com/es,NXDOMAIN,Sí,"200.24.249.1, 200.24.249.1, 200.24.249.1"
casinomonaco.bet,NXDOMAIN,Sí,"200.24.249.1, 200.24.249.1, 200.24.249.1"
22bet.online/ar,NXDOMAIN,Sí,"200.24.249.1, 200.24.249.1, 200.24.249.1"
ivibet.online/es,NXDOMAIN,Sí,"200.24.249.1, 200.24.249.1, 200.24.249.1"
ivibet.com/es,NXDOMAIN,Sí,"200.24.249.1, 200.24.249.1, 200.24.249.1, 200.24.249.1"
cashed.com/en,NXDOMAIN,Sí,"200.24.249.1, 200.24.249.1, 200.24.249.1"
1win-ar.com.ar,NXDOMAIN,Sí,"200.24.249.1, 200.24.249.1, 200.24.249.1"
win1.ar,NXDOMAIN,Sí,"200.24.249.1, 200.24.249.1, 200.24.249.1"
wonaco.com/en,NXDOMAIN,Sí,"200.24.249.1, 200.24.249.1, 200.24.249.1"
swiper.com/en,NXDOMAIN,Sí,"200.24.249.1, 200.24.249.1, 200.24.249.1"
www.pin-up72h.com/es-mx,NXDOMAIN,Sí,"200.24.249.1, 200.24.249.1, 200.24.249.1"
www.winuniquecasino-land.com/es,NXDOMAIN,Sí,"200.24.249.1, 200.24.249.1, 200.24.249.1"
www.winvegasplus-grade.com/es,NXDOMAIN,Sí,"200.24.249.1, 200.24.249.1, 200.24.249.1"
ozarkbet.com/casino,NXDOMAIN,Sí,"200.24.249.1, 200.24.249.1, 200.24.249.1"
www.jokercasino.com/es,NXDOMAIN,Sí,"200.24.249.1, 200.24.249.1, 200.24.249.1"
ganaencasa.io/login,NXDOMAIN,Sí,"200.24.249.1, 200.24.249.1, 200.24.249.1"
ganaencasa-co.com.ar,NXDOMAIN,Sí,"200.24.249.1, 200.24.249.1, 200.24.249.1"
ganaencasa.pro,NXDOMAIN,Sí,"200.24.249.1, 200.24.249.1, 200.24.249.1"
goldentiger.casino/en/login,NXDOMAIN,Sí,"200.24.249.1, 200.24.249.1, 200.24.249.1"
rtbet.com/es,NXDOMAIN,Sí,"200.24.249.1, 200.24.249.1, 200.24.249.1"
www.lamabet.com/es,NXDOMAIN,Sí,"200.24.249.1, 200.24.249.1, 200.24.249.1"
vegas-365.com/login.php,NXDOMAIN,Sí,"200.24.249.1, 200.24.249.1, 200.24.249.1"
goralbet.com/es,NXDOMAIN,Sí,"200.24.249.1, 200.24.249.1, 200.24.249.1"
allspins.com/en,NXDOMAIN,Sí,"200.24.249.1, 200.24.249.1, 200.24.249.1"
HTTPS://MEGAPARI.COM,NXDOMAIN,Sí,"200.24.249.1, 200.24.249.1, 200.24.249.1"
HTTPS://WWW.MEGAPARI.COM.AR,NXDOMAIN,Sí,"200.24.249.1, 200.24.249.1, 200.24.249.1"
HTTPS://MEGAPARI.AR,NXDOMAIN,Sí,"200.24.249.1, 200.24.249.1, 200.24.249.1"
megapari.com/es?tag=d_1901001m_25437c_,NXDOMAIN,Sí,"200.24.249.1, 200.24.249.1, 200.24.249.1"
HTTPS://1BETPLAY.COM,NXDOMAIN,Sí,"200.24.249.1, 200.24.249.1, 200.24.249.1"
HTTPS://WWW.GOLDENBET.COM/ES,NXDOMAIN,Sí,"200.24.249.1, 200.24.249.1, 200.24.249.1"
icecasino34.com,NXDOMAIN,Sí,"200.24.249.1, 200.24.249.1, 200.24.249.1"
futbollibre.pe,NXDOMAIN,Sí,"200.24.249.1, 200.24.249.1, 200.24.249.1"
futbollibretv.ar,NXDOMAIN,Sí,"200.24.249.1, 200.24.249.1, 200.24.249.1"
futbollibretv.pe,NXDOMAIN,Sí,"200.24.249.1, 200.24.249.1, 200.24.249.1"
futbollibre.re,NXDOMAIN,Sí,"200.24.249.1, 200.24.249.1, 200.24.249.1"
tvfutbolibre.com,NXDOMAIN,Sí,"200.24.249.1, 200.24.249.1, 200.24.249.1"
futbol-libre.club,NXDOMAIN,Sí,"200.24.249.1, 200.24.249.1, 200.24.249.1"
librefutboltv.futbol,NXDOMAIN,Sí,"200.24.249.1, 200.24.249.1, 200.24.249.1"
futbol-libre.ar,NXDOMAIN,Sí,"200.24.249.1, 200.24.249.1, 200.24.249.1"
futbollibre.pl,NXDOMAIN,Sí,"200.24.249.1, 200.24.249.1, 200.24.249.1, 200.24.249.1"
futbollibretv.nu,NXDOMAIN,Sí,"200.24.249.1, 200.24.249.1, 200.24.249.1"
librefutboltv.pe,NXDOMAIN,Sí,"200.24.249.1, 200.24.249.1, 200.24.249.1"
futbollibrehd.pe,NXDOMAIN,Sí,"200.24.249.1, 200.24.249.1, 200.24.249.1"
futbolenvivo.com.ar,NXDOMAIN,Sí,"200.24.249.1, 200.24.249.1, 200.24.249.1, 200.24.249.1"
deportesvhd.com,NXDOMAIN,Sí,"200.24.249.1, 200.24.249.1, 200.24.249.1, 200.24.249.1"
\vww.redstarcasino.com.ar/casino,NXDOMAIN,Sí,"200.24.249.1, 200.24.249.1, 200.24.249.1"
odinplay.net/jugadores,NXDOMAIN,Sí,"200.24.249.1, 200.24.249.1, 200.24.249.1"
dreamslatam.io/games,NXDOMAIN,Sí,"200.24.249.1, 200.24.249.1, 200.24.249.1, 200.24.249.1"
reydecorazonesok.com,NXDOMAIN,Sí,"200.24.249.1, 200.24.249.1, 200.24.249.1"
goldenroyaloficial.com,NXDOMAIN,Sí,"200.24.249.1, 200.24.249.1, 200.24.249.1"
magesticluh.com,NXDOMAIN,Sí,"200.24.249.1, 200.24.249.1, 200.24.249.1"
wazamha.com,NXDOMAIN,Sí,"200.24.249.1, 200.24.249.1, 200.24.249.1"
lhetplay.com,NXDOMAIN,Sí,"200.24.249.1, 200.24.249.1, 200.24.249.1"
hc.game,NXDOMAIN,Sí,"200.24.249.1, 200.24.249.1, 200.24.249.1"
duelhits.com,NXDOMAIN,Sí,"200.24.249.1, 200.24.249.1, 200.24.249.1"
sol.casino/es,NXDOMAIN,Sí,"200.24.249.1, 200.24.249.1, 200.24.249.1"
22het-ar.com,NXDOMAIN,Sí,"200.24.249.1, 200.24.249.1, 200.24.249.1"
Ivhet.com,NXDOMAIN,Sí,"200.24.249.1, 200.24.249.1, 200.24.249.1"
www.ganamos.net/home,NXDOMAIN,Sí,"200.24.249.1, 200.24.249.1, 200.24.249.1"
https;//casino2eta.ctób,NXDOMAIN,Sí,"200.24.249.1, 200.24.249.1, 200.24.249.1"
https;//bet30.es,NXDOMAIN,Sí,"200.24.249.1, 200.24.249.1, 200.24.249.1"
leg2o.casino,NXDOMAIN,Sí,"200.24.249.1, 200.24.249.1, 200.24.249.1, 200.24.249.1, 200.24.249.1"
www.bitstar2m3.com,NXDOMAIN,Sí,"200.24.249.1, 200.24.249.1, 200.24.249.1"
formnejack.com,NXDOMAIN,Sí,"200.24.249.1, 200.24.249.1, 200.24.249.1"
melbet-ar.com/es,NXDOMAIN,Sí,"200.24.249.1, 200.24.249.1, 200.24.249.1"
ekorro.Hve,NXDOMAIN,Sí,"200.24.249.1, 200.24.249.1, 200.24.249.1"
cra2yf0x.com,NXDOMAIN,Sí,"200.24.249.1, 200.24.249.1, 200.24.249.1"
powbetcom,NXDOMAIN,Sí,"200.24.249.1, 200.24.249.1, 200.24.249.1"
www.playoro.casino/en,NXDOMAIN,Sí,"200.24.249.1, 200.24.249.1, 200.24.249.1"
www.spinroIl.live/ru,NXDOMAIN,Sí,"200.24.249.1, 200.24.249.1, 200.24.249.1, 200.24.249.1"
www.casimba.com/en,NXDOMAIN,Sí,"200.24.249.1, 200.24.249.1, 200.24.249.1"
www.slot.com/es,NXDOMAIN,Sí,"200.24.249.1, 200.24.249.1, 200.24.249.1"
casino2eta-ar.com,NXDOMAIN,Sí,"200.24.249.1, 200.24.249.1, 200.24.249.1"
www.monkeytilt.com/en-ca,NXDOMAIN,Sí,"200.24.249.1, 200.24.249.1, 200.24.249.1"
spinrollz.com/en,NXDOMAIN,Sí,"200.24.249.1, 200.24.249.1, 200.24.249.1"
playio.com/en,NXDOMAIN,Sí,"200.24.249.1, 200.24.249.1, 200.24.249.1"
www.casinotrope2.com/es,NXDOMAIN,Sí,"200.24.249.1, 200.24.249.1, 200.24.249.1"
sirwin.com/es,NXDOMAIN,Sí,"200.24.249.1, 200.24.249.1, 200.24.249.1"
anarchycasino.com/en/home,NXDOMAIN,Sí,"200.24.249.1, 200.24.249.1, 200.24.249.1"
rizzcasino.com/en/home,NXDOMAIN,Sí,"200.24.249.1, 200.24.249.1, 200.24.249.1"
slotsvil.com/es,NXDOMAIN,Sí,"200.24.249.1, 200.24.249.1, 200.24.249.1"
bdmbetcom,NXDOMAIN,Sí,"200.24.249.1, 200.24.249.1, 200.24.249.1"
lgocasinol3.com,NXDOMAIN,Sí,"200.24.249.1, 200.24.249.1, 200.24.249.1"
wa2bee.casino,NXDOMAIN,Sí,"200.24.249.1, 200.24.249.1, 200.24.249.1"
airbetio,NXDOMAIN,Sí,"200.24.249.1, 200.24.249.1, 200.24.249.1"
kingmaker.com/en,NXDOMAIN,Sí,"200.24.249.1, 200.24.249.1, 200.24.249.1"
hugewin.com/es,NXDOMAIN,Sí,"200.24.249.1, 200.24.249.1, 200.24.249.1"
slotexo.com/en,NXDOMAIN,Sí,"200.24.249.1, 200.24.249.1, 200.24.249.1"
royalgame.com/en,NXDOMAIN,Sí,"200.24.249.1, 200.24.249.1, 200.24.249.1"
zeuswin.com/en,NXDOMAIN,Sí,"200.24.249.1, 200.24.249.1, 200.24.249.1"
www.betbord.biz/en,NXDOMAIN,Sí,"200.24.249.1, 200.24.249.1, 200.24.249.1"
yourwin24.com/online-casino,NXDOMAIN,Sí,"200.24.249.1, 200.24.249.1, 200.24.249.1"
www.spinland.bet/es,NXDOMAIN,Sí,"200.24.249.1, 200.24.249.1, 200.24.249.1"
novajackpot.com/en,NXDOMAIN,Sí,"200.24.249.1, 200.24.249.1, 200.24.249.1"
www.madmsh.com,NXDOMAIN,Sí,"200.24.249.1, 200.24.249.1, 200.24.249.1"
ninewin.com16,NXDOMAIN,Sí,"200.24.249.1, 200.24.249.1, 200.24.249.1"
www.merHncasino.com/es,NXDOMAIN,Sí,"200.24.249.1, 200.24.249.1, 200.24.249.1"
flipwager.com/en/home,NXDOMAIN,Sí,"200.24.249.1, 200.24.249.1, 200.24.249.1"
www.ethplay.io/es,NXDOMAIN,Sí,"200.24.249.1, 200.24.249.1, 200.24.249.1"
www.caspbetcom,NXDOMAIN,Sí,"200.24.249.1, 200.24.249.1, 200.24.249.1"
onHne.racecards.bet,NXDOMAIN,Sí,"200.24.249.1, 200.24.249.1, 200.24.249.1"
www.scarlettcasino.com/es,NXDOMAIN,Sí,"200.24.249.1, 200.24.249.1, 200.24.249.1"
neonixcasino.com/en,NXDOMAIN,Sí,"200.24.249.1, 200.24.249.1, 200.24.249.1"
delofocasino.com,NXDOMAIN,Sí,"200.24.249.1, 200.24.249.1, 200.24.249.1"
boomerang-bet.com/en/game,NXDOMAIN,Sí,"200.24.249.1, 200.24.249.1, 200.24.249.1"
gamegfam.com,NXDOMAIN,Sí,"200.24.249.1, 200.24.249.1, 200.24.249.1"
fainbet.com,NXDOMAIN,Sí,"200.24.249.1, 200.24.249.1, 200.24.249.1"
fafe.bet/casino/home,NXDOMAIN,Sí,"200.24.249.1, 200.24.249.1, 200.24.249.1"
date.casino/es,NXDOMAIN,Sí,"200.24.249.1, 200.24.249.1, 200.24.249.1"
cfyptomsh.com/en,NXDOMAIN,Sí,"200.24.249.1, 200.24.249.1, 200.24.249.1"
winnita.com/it,NXDOMAIN,Sí,"200.24.249.1, 200.24.249.1, 200.24.249.1"
zeusglofy.com,NXDOMAIN,Sí,"200.24.249.1, 200.24.249.1, 200.24.249.1"
xspin.io/en,NXDOMAIN,Sí,"200.24.249.1, 200.24.249.1, 200.24.249.1"
www.hatbet56.com/tf,NXDOMAIN,Sí,"200.24.249.1, 200.24.249.1, 200.24.249.1"
donbet.com/en,NXDOMAIN,Sí,"200.24.249.1, 200.24.249.1, 200.24.249.1"
www.cfyptowins.com,NXDOMAIN,Sí,"200.24.249.1, 200.24.249.1, 200.24.249.1"
www.supefkasino.com/fi-fi,NXDOMAIN,Sí,"200.24.249.1, 200.24.249.1, 200.24.249.1"
www.feelsof)oy.io/en,NXDOMAIN,Sí,"200.24.249.1, 200.24.249.1, 200.24.249.1"
winolotcom/es,NXDOMAIN,Sí,"200.24.249.1, 200.24.249.1, 200.24.249.1"
wagefinox.com,NXDOMAIN,Sí,"200.24.249.1, 200.24.249.1, 200.24.249.1"
https;//www.goldengenie.com/es,NXDOMAIN,Sí,"200.24.249.1, 200.24.249.1, 200.24.249.1"
miucasino.com/es,NXDOMAIN,Sí,"200.24.249.1, 200.24.249.1, 200.24.249.1"
jackp0tfren2y.com/en,NXDOMAIN,Sí,"200.24.249.1, 200.24.249.1, 200.24.249.1"
unllmcasino.club,NXDOMAIN,Sí,"200.24.249.1, 200.24.249.1, 200.24.249.1"
uslotul60.online/es,NXDOMAIN,Sí,"200.24.249.1, 200.24.249.1, 200.24.249.1"
www.galaxyspins.com/es,NXDOMAIN,Sí,"200.24.249.1, 200.24.249.1, 200.24.249.1"
kirgo.com/en,NXDOMAIN,Sí,"200.24.249.1, 200.24.249.1, 200.24.249.1"
vegascoinl.casino/en,NXDOMAIN,Sí,"200.24.249.1, 200.24.249.1, 200.24.249.1"
megapañ-atgentina.com,NXDOMAIN,Sí,"200.24.249.1, 200.24.249.1, 200.24.249.1, 200.24.249.1"
www.winll.com,NXDOMAIN,Sí,"200.24.249.1, 200.24.249.1, 200.24.249.1"
www.hallabet.com/en,NXDOMAIN,Sí,"200.24.249.1, 200.24.249.1, 200.24.249.1"
www.betcomets.com,NXDOMAIN,Sí,"200.24.249.1, 200.24.249.1, 200.24.249.1"
www.hallabet.shop/prematch,NXDOMAIN,Sí,"200.24.249.1, 200.24.249.1, 200.24.249.1"
betglobal.com/es/sports,NXDOMAIN,Sí,"200.24.249.1, 200.24.249.1, 200.24.249.1"
dudell.bet,NXDOMAIN,Sí,"200.24.249.1, 200.24.249.1, 200.24.249.1"
www.casinovibes.com/en/welcome,NXDOMAIN,Sí,"200.24.249.1, 200.24.249.1, 200.24.249.1"
www.casino2eus.club,NXDOMAIN,Sí,"200.24.249.1, 200.24.249.1, 200.24.249.1"
casino2eus.io,NXDOMAIN,Sí,"200.24.249.1, 200.24.249.1, 200.24.249.1"
lwin.com.ar,NXDOMAIN,Sí,"200.24.249.1, 200.24.249.1, 200.24.249.1"
lwin-online-ar.com,NXDOMAIN,Sí,"200.24.249.1, 200.24.249.1, 200.24.249.1"
lxbet.mx/252.https://ar.lxbet.com/es,NXDOMAIN,Sí,"200.24.249.1, 200.24.249.1, 200.24.249.1"
royaldeluxe.bet/index.php?width=1,NXDOMAIN,Sí,"200.24.249.1, 200.24.249.1, 200.24.249.1"
coldgame.bet/casino.php,NXDOMAIN,Sí,"200.24.249.1, 200.24.249.1, 200.24.249.1, 200.24.249.1"
pinkgame.net/sports.php,NXDOMAIN,Sí,"200.24.249.1, 200.24.249.1, 200.24.249.1"
bet91.pro/login,NXDOMAIN,Sí,"200.24.249.1, 200.24.249.1, 200.24.249.1"
www.kingcasino.com/es/all-games,NXDOMAIN,Sí,"200.24.249.1, 200.24.249.1, 200.24.249.1"
gg.bet/es,NXDOMAIN,Sí,"200.24.249.1, 200.24.249.1, 200.24.249.1"
dodoscruzados.vip/jugadores/index.php,NXDOMAIN,Sí,"200.24.249.1, 200.24.249.1, 200.24.249.1"
jugaencasa.co/es,NXDOMAIN,Sí,"200.24.249.1, 200.24.249.1, 200.24.249.1"
www.casino.com/ar/juegos-de-casino,NXDOMAIN,Sí,"200.24.249.1, 200.24.249.1, 200.24.249.1"
templodeslots.es/juego/juega-gratis-demo-diamond-bet-roulette,NXDOMAIN,Sí,"200.24.249.1, 200.24.249.1, 200.24.249.1"
redblackline.net/home,NXDOMAIN,Sí,"200.24.249.1, 200.24.249.1, 200.24.249.1"
www.bodog.com/es/casino,NXDOMAIN,Sí,"200.24.249.1, 200.24.249.1, 200.24.249.1"
dice.goldenevegas.be/en/casino,NXDOMAIN,Sí,"200.24.249.1, 200.24.249.1, 200.24.249.1"
www.instagram.com/casinozeus351,NXDOMAIN,Sí,"200.24.249.1, 200.24.249.1, 200.24.249.1"
www.instagram.com/casinozeus_oficial1,NXDOMAIN,Sí,"200.24.249.1, 200.24.249.1, 200.24.249.1"
www.instagram.com/casinolaindia_,NXDOMAIN,Sí,"200.24.249.1, 200.24.249.1, 200.24.249.1"
www.instagram.com/casinoganador23,NXDOMAIN,Sí,"200.24.249.1, 200.24.249.1, 200.24.249.1"
www.instagram.com/_thiagobarcos_10,NXDOMAIN,Sí,"200.24.249.1, 200.24.249.1, 200.24.249.1"
www.facebook.com/cristian.ibanez.503092,NXDOMAIN,Sí,"200.24.249.1, 200.24.249.1, 200.24.249.1"
www.facebook.com/groups/3046145052304903,NXDOMAIN,Sí,"200.24.249.1, 200.24.249.1, 200.24.249.1"
www.facebook.com/profile.php?id=100006322236347,NXDOMAIN,Sí,"200.24.249.1, 200.24.249.1, 200.24.249.1"
www.facebook.com/casinoonline.mza,NXDOMAIN,Sí,"200.24.249.1, 200.24.249.1, 200.24.249.1"
www.facebook.com/alejandraandrealam,NXDOMAIN,Sí,"200.24.249.1, 200.24.249.1, 200.24.249.1"
www.facebook.com/groups/813819025983549,NXDOMAIN,Sí,"200.24.249.1, 200.24.249.1, 200.24.249.1"
www.facebook.com/profile.php?id=100095680055047&sk=about,NXDOMAIN,Sí,"200.24.249.1, 200.24.249.1, 200.24.249.1"
www.facebook.com/profile.php?id=10007347653207,NXDOMAIN,Sí,"200.24.249.1, 200.24.249.1, 200.24.249.1"
www.facebook.com/profile.php?id=100012539559937,NXDOMAIN,Sí,"200.24.249.1, 200.24.249.1, 200.24.249.1"
www.instagram.com/casino.red.scaloneta,NXDOMAIN,Sí,"200.24.249.1, 200.24.249.1, 200.24.249.1"
www.instagram.com/ganaencasa.mendoza,NXDOMAIN,Sí,"200.24.249.1, 200.24.249.1, 200.24.249.1"
www.instagram.com/casinomzaya,NXDOMAIN,Sí,"200.24.249.1, 200.24.249.1, 200.24.249.1"
www.instagram.com/mendoza_casino_online,NXDOMAIN,Sí,"200.24.249.1, 200.24.249.1, 200.24.249.1"
www.instagram.com/casinoonline.jugalo.net.mza,NXDOMAIN,Sí,"200.24.249.1, 200.24.249.1, 200.24.249.1"
www.instagram.com/onlinemzacasino,NXDOMAIN,Sí,"200.24.249.1, 200.24.249.1, 200.24.249.1"
www.instagram.com/casino_malvek_mendoza,NXDOMAIN,Sí,"200.24.249.1, 200.24.249.1, 200.24.249.1"
www.instagram.com/casino.online.mendoza,NXDOMAIN,Sí,"200.24.249.1, 200.24.249.1, 200.24.249.1"
www.instagram.com/casino_red_scaloneta_,NXDOMAIN,Sí,"200.24.249.1, 200.24.249.1, 200.24.249.1"
www.instagram.com/redscaloneta,NXDOMAIN,Sí,"200.24.249.1, 200.24.249.1, 200.24.249.1"
www.instagram.com/red_scaloneta_casino,NXDOMAIN,Sí,"200.24.249.1, 200.24.249.1, 200.24.249.1"
www.instagram.com/red.scaloneta6,NXDOMAIN,Sí,"200.24.249.1, 200.24.249.1, 200.24.249.1, 200.24.249.1"
www.instagram.com/casino_redscaloneta,NXDOMAIN,Sí,"200.24.249.1, 200.24.249.1, 200.24.249.1"
www.instagram.com/red_scaloneta_,NXDOMAIN,Sí,"200.24.249.1, 200.24.249.1, 200.24.249.1"
www.instagram.com/redscaloneta_casino_,NXDOMAIN,Sí,"200.24.249.1, 200.24.249.1, 200.24.249.1"
www.instagram.com/mili_redscaloneta,NXDOMAIN,Sí,"200.24.249.1, 200.24.249.1, 200.24.249.1"
www.instagram.com/ok_redscaloneta,NXDOMAIN,Sí,"200.24.249.1, 200.24.249.1, 200.24.249.1"
www.instagram.com/red_scaloneta.777,NXDOMAIN,Sí,"200.24.249.1, 200.24.249.1, 200.24.249.1"
www.instagram.com/casino.redscalonetaa,NXDOMAIN,Sí,"200.24.249.1, 200.24.249.1, 200.24.249.1"
www.instagram.com/red_scaloneta.1,NXDOMAIN,Sí,"200.24.249.1, 200.24.249.1, 200.24.249.1"
www.instagram.com/red_scaloneta9,NXDOMAIN,Sí,"200.24.249.1, 200.24.249.1, 200.24.249.1"
www.instagram.com/red.scaloneta_,NXDOMAIN,Sí,"200.24.249.1, 200.24.249.1, 200.24.249.1"
www.instagram.com/casino_red_scaloneta.24,NXDOMAIN,Sí,"200.24.249.1, 200.24.249.1, 200.24.249.1"
www.instagram.com/casino.redscaloneta,NXDOMAIN,Sí,"200.24.249.1, 200.24.249.1, 200.24.249.1"
www.instagram.com/casino.redscaloneta98,NXDOMAIN,Sí,"200.24.249.1, 200.24.249.1, 200.24.249.1"
www.instagram.com/red.scaloneta2024,NXDOMAIN,Sí,"200.24.249.1, 200.24.249.1, 200.24.249.1"
www.instagram.com/red_scaloneta.24,NXDOMAIN,Sí,"200.24.249.1, 200.24.249.1, 200.24.249.1"
www.betonlineoluck.comaria-c.vercel.appgrupo7-14.vercel.apparia-luc.vercel.app/ganamos.net,NXDOMAIN,Sí,"200.24.249.1, 200.24.249.1, 200.24.249.1"
coroyale.com,NXDOMAIN,Sí,"200.24.249.1, 200.24.249.1, 200.24.249.1"
www.megafaraon.com,NXDOMAIN,Sí,"200.24.249.1, 200.24.249.1, 200.24.249.1"
www.melbet-ar.com,NXDOMAIN,Sí,"200.24.249.1, 200.24.249.1, 200.24.249.1"
www.jvspin286778.top,NXDOMAIN,Sí,"200.24.249.1, 200.24.249.1, 200.24.249.1"
www.paripesa.xyz,NXDOMAIN,Sí,"200.24.249.1, 200.24.249.1, 200.24.249.1"
www.winuniquecasino-real.com,NXDOMAIN,Sí,"200.24.249.1, 200.24.249.1, 200.24.249.1"
www.spinrollz.com,NXDOMAIN,Sí,"200.24.249.1, 200.24.249.1, 200.24.249.1"
www.bettycasino.space,NXDOMAIN,Sí,"200.24.249.1, 200.24.249.1, 200.24.249.1"
ganamos.net/home,NXDOMAIN,Sí,"200.24.249.1, 200.24.249.1, 200.24.249.1"
www.kingcasino.com/es,NXDOMAIN,Sí,"200.24.249.1, 200.24.249.1, 200.24.249.1"
siempreganaok.com,NXDOMAIN,Sí,"200.24.249.1, 200.24.249.1, 200.24.249.1"
vegas-365.vip/login.php,NXDOMAIN,Sí,"200.24.249.1, 200.24.249.1, 200.24.249.1"
linktr.ee/casinoclubar,NXDOMAIN,Sí,"200.24.249.1, 200.24.249.1, 200.24.249.1"
depobet.net/sports,NXDOMAIN,Sí,"200.24.249.1, 200.24.249.1, 200.24.249.1"
