user testing,input,deduccion
Franco,10bet.com,GMB
Franco,12betng.com,GMB
Franco,1337x.st,FILE
Franco,138sungame.com,HOST
Franco,188bet.com,GMB
Franco,18bet.com,GMB
Franco,1wdqe.com,GMB
Franco,1wesa.com,GMB
Franco,1wijl.com,GMB
Franco,1win.com,GMB
Franco,1wqamf.win,GMB
Franco,1wqsg.com,GMB
Franco,1wvixw.life,GMB
Franco,1xbet.com,GMB
Franco,1xslot.com,GMB
Franco,1xslots-casino.com.ar,GMB
Franco,20bet.ar,GMB
Franco,20bet.com,GMB
Franco,21bet.com,GMB
Franco,21casino.com,GMB
Franco,22bet.com,GMB
Franco,22bet.online,GMB
Franco,24ktgoldcasino.com,GMB
Franco,24live.pro,GMB
Franco,24win.com,GMB
Franco,30bet.com,GMB
Franco,32red.com,GMB
Franco,377bet.com,GMB
Franco,47millones.com,NOACCESIBLE
Franco,4chan.org,MMED
Franco,5bonuses.com,NOACCESIBLE
Franco,6686vn3.com,MISC
Franco,6topoderweb.com,NOACCESIBLE
Franco,777.com,GMB
Franco,777dragoncasino.com,GMB
Franco,7bitcasino.com,GMB
Franco,7spins.com,GMB
Franco,7sultanscasino.com,GMB
Franco,888.com,GMB
Franco,888.es,GMB
Franco,888casino.com,GMB
Franco,888casino.es,GMB
Franco,888games.com,GMB
Franco,888ladies.com,GMB
Franco,888poker.com,GMB
Franco,888poker.es,GMB
Franco,888sport.com,GMB
Franco,888sport.es,GMB
Franco,888sport.escasino.betsson.com,GMB
Franco,89.com,MISC
Franco,8kun.top,MMED
Franco,8xbet2.com,GMB
Franco,99cargo.com.ar,NOACCESIBLE
Franco,aanonimos.org.ve,NOACCESIBLE
Franco,abcunderwear.com,MISC
Franco,abelsierramadero.com,NOACCESIBLE
Franco,abs.twimg.com,NOACCESIBLE
Franco,aconcaguapoker.es,GMB
Franco,action3.gameassists.co.uk,GMB
Franco,admiralbet.es,GMB
Franco,af.mil,NOACCESIBLE
Franco,aiv.org.ve,REL
Franco,ajugar.pro,GMB
Franco,aladdinsgoldcasino.com,GMB
Franco,albedrio.org,GMB
Franco,allbritishcasino.com,GMB
Franco,alljackpotcasino.com,NOACCESIBLE
Franco,alljackpotscasino.com,GMB
Franco,allslotscasino.com,GMB
Franco,allspins.com,GMB
Franco,alt.com,DATE
Franco,america777.com,GMB
Franco,amphetamines.com,MISC
Franco,anarchycasino.com,GMB
Franco,angliabet.com,GMB
Franco,apostamos.net,GMB
Franco,app.magtv235.com,NOACCESIBLE
Franco,appzplanet.com,MISC
Franco,apuesta24.com,GMB
Franco,apuestars.com,GMB
Franco,apuestas-deportivas.es,GMB
Franco,apuestasdeportivas.com,GMB
Franco,apuestashouse.com,GMB
Franco,apuestaya.lat,GMB
Franco,apuestaya.net,GMB
Franco,apuesteenlinea.com,GMB
Franco,apurogol.info,MMED
Franco,ar-1xbet.com,GMB
Franco,ar.1xbet.com,GMB
Franco,ar.spingol.com,NOACCESIBLE
Franco,arc-international.net,HUMR
Franco,arg-1xbet.com,GMB
Franco,army.mil,NOACCESIBLE
Franco,asesdelnorte.com,NOACCESIBLE
Franco,askgamblers.com,GMB
Franco,aspers.com,NOACCESIBLE
Franco,astalavista.box.sk,NOACCESIBLE
Franco,avn.info.ve,NEWS
Franco,awrora.casino,GMB
Franco,azarlatino.com,NOACCESIBLE
Franco,aztec3.gameassists.co.uk,GMB
Franco,b7casino.com,GMB
Franco,bacuba.org,ENV
Franco,ballroom3.gameassists.co.uk,GMB
Franco,bbets.com,HOST
Franco,bc.game,GMB
Franco,bcgame.top,GMB
Franco,bdmbet.com,GMB
Franco,beeg.com,GMB
Franco,bestingame.it,GMB
Franco,bet-52.com,GMB
Franco,bet-at.eu,GMB
Franco,bet.pt,GMB
Franco,bet1234.lat,GMB
Franco,bet22.lat,GMB
Franco,bet2fun9.online,GMB
Franco,bet30.casino,GMB
Franco,bet30.club,GMB
Franco,bet30.es,GMB
Franco,bet30.lat,GMB
Franco,bet30.win,GMB
Franco,bet300.pro,GMB
Franco,bet32.co,GMB
Franco,bet32.lat,GMB
Franco,bet3218.net,GMB
Franco,bet365.com,GMB
Franco,bet593.ec,GMB
Franco,bet71.lat,GMB
Franco,bet777.es,GMB
Franco,bet91.me,GMB
Franco,bet91.pro,GMB
Franco,betadonis.com,GMB
Franco,betapuesta.com,GMB
Franco,betastars.com,GMB
Franco,betbord.biz,GMB
Franco,betboro.com,GMB
Franco,betcasinograndbay.com,GMB
Franco,betchain.com,GMB
Franco,betchan.com,GMB
Franco,betclic.com,GMB
Franco,betcoin.pro,NOACCESIBLE
Franco,betcris.com,GMB
Franco,betebet75.com,GMB
Franco,betelite.com,GMB
Franco,betesporte.com,GMB
Franco,betfair.com,GMB
Franco,betfred.com,GMB
Franco,betfree.com,GMB
Franco,betfury.com,GMB
Franco,betgain.bet,GMB
Franco,betika.com,GMB
Franco,betiro.com,GMB
Franco,betkwiff.com,GMB
Franco,betlive.com,GMB
Franco,betmclean.com,GMB
Franco,betmotion.com,GMB
Franco,betmotion.com.co,GMB
Franco,betmotion.es,GMB
Franco,betonline-ok.com,GMB
Franco,betonline.ag,GMB
Franco,betonred.com,GMB
Franco,betowi.com,GMB
Franco,betplatino.com,GMB
Franco,betrally.com,GMB
Franco,betrebels.com,GMB
Franco,betsafe.com,GMB
Franco,betser.com,GMB
Franco,betsolino.com,GMB
Franco,betsonic.com,GMB
Franco,betsonn.com,GMB
Franco,betspil.dk,GMB
Franco,betspino.com,GMB
Franco,betsson.com,GMB
Franco,betsson.uy,GMB
Franco,betstars.com,GMB
Franco,betswap.gg,GMB
Franco,bettycasino.space,GMB
Franco,betvoyager.com,GMB
Franco,betway.com,GMB
Franco,betway.es,GMB
Franco,betway.lat,GMB
Franco,betwinenjoyoficial.com,GMB
Franco,betwinner.com,GMB
Franco,betwinner1.com,GMB
Franco,betybet.com,GMB
Franco,betzard.com,GMB
Franco,bglad.com,PORN
Franco,bgo.com,ECON
Franco,bicommunitynews.co.uk,LGBT
Franco,bigfishgames.com,GAME
Franco,bigsala.com,NOACCESIBLE
Franco,bikinislots.com,GMB
Franco,bimsports.com,HOST
Franco,bingo-rumba.com,HOST
Franco,bingo.com,NOACCESIBLE
Franco,binguez.com,GMB
Franco,bitbucket.org,COMM 
Franco,bitcasino.io,GMB
Franco,bitcoin.sipa.be,ECOM
Franco,bitstarz.com,GMB
Franco,bitz8.vip,GMB
Franco,biz.ly,HOST
Franco,bizzocasino.com,GMB
Franco,blackhat.be,HOST
Franco,blackjackballroom.es,GMB
Franco,blogeasy.com,HOST
Franco,bm.bet,GMB
Franco,bodegonline.net,COMM 
Franco,bodog.com,GMB
Franco,bodog.eu,GMB
Franco,bogus.d2a8n1.rootcanary.net,NOACCESIBLE
Franco,bombastic.com,GMB
Franco,boomerang-bet.com,GMB
Franco,boomproxy.com,ERR_TIMED_OUT
Franco,botemania.es,GMB
Franco,bovada.lv,GMB
Franco,box24casino.com,GMB
Franco,boylesports.com,GMB
Franco,bravoporn.com,PORN
Franco,bravotube.net,PORN
Franco,bravotube.tv,PORN
Franco,breached.vc,MISC
Franco,bronzecasino.com,NOACCESIBLE
Franco,bubblesbet.com,GMB
Franco,buckybingo.co.uk,GMB
Franco,burancasino.com,GMB
Franco,buydutchseeds.com,ALDR
Franco,buzzluck.com,GMB
Franco,bwin.com,GMB
Franco,bwin.es,GMB
Franco,cablegratis.online,MMED 
Franco,cablegratistv.online,MMED 
Franco,cabletvhd.xyz,MMED 
Franco,cactus.casino,GMB
Franco,caesarscasino.com,GMB
Franco,caibo.fun,MISC
Franco,caiv.org,POLR
Franco,caliente.mx,GMB
Franco,camelbet.me,GMB
Franco,camelbet.vip,HOST
Franco,camelbet2.com,NOACCESIBLE
Franco,campeonbet.com,NOACCESIBLE
Franco,canales.online,NOACCESIBLE
Franco,canbet.com,HOST
Franco,canna.to,FILE
Franco,cannabisn24.com,ALDR
Franco,cannaweed.com,ALDR
Franco,captaincooks3.gameassists.co.uk,GMB
Franco,caraotadigital.xyz,HOST
Franco,cardschat.com,GMB
Franco,carltonbingo.com,GMB
Franco,cashed.com,GMB
Franco,cashmio.com,GMB
Franco,cashpotcasino.com,GMB
Franco,cashroyalok.com,GMB
Franco,casibet.io,GMB
Franco,casibet.pro,GMB
Franco,casigo.com,GMB
Franco,casimba.com,GMB
Franco,casin0.chan2.com,GMB
Franco,casinado.com,GMB
Franco,casinia.com,GMB
Franco,casino-atlanta.com,NOACCESIBLE
Franco,casino-estrellas.com,GMB
Franco,casino-zeus.club,GMB
Franco,casino-zeus.com,GMB
Franco,casino-zeus.ola.click,GMB
Franco,casino.8xwins.com,GMB
Franco,casino.com,GMB
Franco,casino.mx,GMB
Franco,casino.netbet.com,GMB
Franco,casino132.co,GMB
Franco,casino1club.com,GMB
Franco,casino32.lat,GMB
Franco,casino33.co,NOACCESIBLE
Franco,casino33.la,GMB
Franco,casino365online.ws,GMB
Franco,casino365vip.club,GMB
Franco,casino777.be,GMB
Franco,casino777.es,GMB
Franco,casino91.bet,GMB
Franco,casinoaction.com,GMB
Franco,casinoargentina24.com,GMB
Franco,casinoazteka.pro,GMB
Franco,casinobellini.com,GMB
Franco,casinobigapple.com,GMB
Franco,casinocasino.com,GMB
Franco,casinocolombia.com.co,GMB
Franco,casinocomparador.com,GMB
Franco,casinodays.com,GMB
Franco,casinodelrio.com,GMB
Franco,casinoenchile.com,GMB
Franco,casinoencolombia.com,GMB
Franco,casinoepoca.com,GMB
Franco,casinoestrella.com,GMB
Franco,casinoestrella100.com,GMB
Franco,casinoestrellavip.com,GMB
Franco,casinoeuro.com,GMB
Franco,casinoextra100.com,GMB
Franco,casinofox-bet.com,GMB
Franco,casinofox.ar,GMB
Franco,casinogranmadrid.com,GMB
Franco,casinogranmadrid.es,GMB
Franco,casinogranmadridonline.es,GMB
Franco,casinohorus.bet,GMB
Franco,casinoking.com,GMB
Franco,casinoland.com,GMB
Franco,casinolasvegas.com,GMB
Franco,casinolavida.com,GMB
Franco,casinoluck.com,GMB
Franco,casinomagic.com.ar,GMB
Franco,casinomidas.com,GMB
Franco,casinomonaco.bet,GMB
Camila,casinomonaco.top,GMB
Camila,casinonight.com,GMB
Camila,casinoonlinemidas.com,GMB
Camila,casinopop.com,GMB
Camila,casinoportugal.pt,GMB
Camila,casinopro.la,GMB
Camila,casinoroom.com,GMB
Camila,casinostars.io,GMB
Camila,casinotiger-ar.com,GMB
Camila,casinotiger-club.com,GMB
Camila,casinotopsonline.com,GMB
Camila,casinotropez.com,GMB
Camila,casinovibes.com,GMB
Camila,casinovolcano.bet,GMB
Camila,casinozeta.club,GMB
Camila,casinozeta.me,GMB
Camila,casinozeus.club,GMB
Camila,casinozeus.io,GMB
Camila,casinozeus.la,GMB
Camila,casinozeus.vip,NOACCESIBLE
Camila,casoo.com,GMB
Camila,casoo888.com,GMB
Camila,casozambon.com,NOACCESIBLE
Camila,casumo.com,GMB
Camila,cbet.gg,GMB
Camila,cdinastyok.com,NOACCESIBLE
Camila,celuapuesta.vip,GMB
Camila,celuapuestas-casino.com,GMB
Camila,celuapuestas-com.online,GMB
Camila,celuapuestas.io,GMB
Camila,celuapuestas.lat,GMB
Camila,celuapuestas.me,GMB
Camila,celuapuestas.net,GMB
Camila,celuapuestas.ws,GMB
Camila,celuapuestas1.com,GMB
Camila,centcom.mil,NOACCESIBLE
Camila,centrebet.com,GMB
Camila,ceprodel.org.ni,ECON
Camila,challengecasino.com,GMB
Camila,championsbet.net,NOACCESIBLE
Camila,channel.rojadirecta.win,NOACCESIBLE
Camila,charitybingo.com,GMB
Camila,cherrycasino.com,GMB
Camila,chinesebookie.com,NOACCESIBLE
Camila,chiringuitotv.online,CULTR
Camila,cinecalidad.to,NOACCESIBLE
Camila,circovip.pro,GMB
Camila,circus.es,GMB
Camila,citycenteronline.bet.ar,GMB
Camila,citytowerscasino.com,NOACCESIBLE
Camila,classic3.gameassists.co.uk,GMB
Camila,cleopatrabet.ws,GMB
Camila,cleopatracasino.com,GMB
Camila,cloudbet.com,GMB
Camila,club32.lat,GMB
Camila,club777.com,GMB
Camila,clubpalaceok.com,NOACCESIBLE
Camila,clubriches.com,NOACCESIBLE
Camila,clubworldcasinos.com,GMB
Camila,cndata.yamaday.xyz,ANON
Camila,cocaine.org,PUBH
Camila,cocoacasino.com,GMB
Camila,cocogames.bet,GMB
Camila,codere.bet.ar,GMB
Camila,codere.es,NOACCESIBLE
Camila,cogerhoy.com,NOACCESIBLE
Camila,coinbet24.com,GMB
Camila,coinbets777.com,GMB
Camila,coinkings.io,GMB
Camila,colbet.co,GMB
Camila,coldgame.bet,GMB
Camila,colegialasreales.com,PORN
Camila,colosseum3.gameassists.co.uk,GMB
Camila,comanditos.com,NOACCESIBLE
Camila,comprarmagistv.app,CULTR
Camila,comprarmagistv.com,CULTR
Camila,comunicacionsocial.org.ar ,NEWS
Camila,congresovisible.com,POLR
Camila,convergame.net,NOACCESIBLE
Camila,coolbetchile.com,GMB
Camila,coral.co.uk,GMB
Camila,coronavirus-map.com,NOACCESIBLE
Camila,coroyale.com,NOACCESIBLE
Camila,cosmors3.gameassists.co.uk,GMB
Camila,costabingo.com,GMB
Camila,country3.gameassists.co.uk,GMB
Camila,crackspider.net,NOACCESIBLE
Camila,crazyfox.com,GMB
Camila,credito-renault.com,NOACCESIBLE
Camila,creditorenault.com,NOACCESIBLE
Camila,crowneeurope.com.com,HOST
Camila,cryptocasino.com,GMB
Camila,cryptoleo.com,GMB
Camila,cryptorush.com,GMB
Camila,crystalbet.com,GMB
Camila,cubaarchive.org,HUMR
Camila,cubanuestra.nu,NOACCESIBLE
Camila,cubaposible.com,POLR
Camila,cuevana.com.ar,NOACCESIBLE
Camila,cuevana.io,CULTR
Camila,cuevana.pro,CULTR
Camila,cuevana.tv,MISC
Camila,cuevana2.com,NOACCESIBLE
Camila,cuevana2.io,MISC
Camila,cuevana2.tv,MISC
Camila,cuevana3.co,CULTR
Camila,cuevana3.com.ar,NOACCESIBLE
Camila,cuevana3.io,CULTR
Camila,cuevana3.mov,MISC
Camila,cuscocasino.com,GMB
Camila,cvagaming.com,GMB
Camila,cxtvenvivo.com,CULTR
Camila,dadosbet.com,GMB
Camila,dafabet.com,GMB
Camila,dailyrecordbingo.com,GMB
Camila,dailyspins.com,GMB
Camila,dailystormer.name,NOACCESIBLE
Camila,dale.sv,GMB
Camila,dare.casino,NOACCESIBLE
Camila,darpa.mil,GOVT
Camila,dashcasino.com,GMB
Camila,davincisgold.com,GMB
Camila,democracycaucus.net,HUMR
Camila,depobet.io,GMB
Camila,depobet.net,GMB
Camila,deporte-libre.com,CULTR
Camila,deporte-libre.fans,CULTR
Camila,deporte-libre.org,CULTR
Camila,deporte-libre.top,CULTR
Camila,deportelibre.live,CULTR
Camila,deportestvhd2.com,MISC
Camila,deportestvhd3.com,CULTR
Camila,deportestvhdplus1.com,CULTR
Camila,deportesvhd.com,NOACCESIBLE
Camila,descarga-magistv.com,CULTR
Camila,descargar-magistv.com,CULTR
Camila,desertnightscasino.com,GMB
Camila,desertnightscasino.im,GMB
Camila,dia.mil,NOACCESIBLE
Camila,diariolajuventud.com,NOACCESIBLE
Camila,diegoarmandobet.com,NOACCESIBLE
Camila,digitaltv.cloud,NOACCESIBLE
Camila,ditobet.com,GMB
Camila,dnsleaktest.com,ANON
Camila,dollar.nu,ECON
Camila,donbet.com,GMB
Camila,dopplr.com,"HUMR, NEWS"
Camila,doradobet.com,GMB
Camila,downloads.gratorama.com,NOACCESIBLE
Camila,dqhpsh.agcontroll.com,NOACCESIBLE
Camila,dragonaraonline.com,GMB
Camila,drakecasino.eu,GMB
Camila,dreambingo.co.uk,GMB
Camila,dreamslatam.io,GMB
Camila,dreamvegas.com,GMB
Camila,drueckglueck.com,GMB
Camila,drugsense.org,PUBH
Camila,dude2.bet,GMB
Camila,duelbits.com,GMB
Camila,dunder.com,GMB
Camila,easy-moneyoficial.com,NOACCESIBLE
Camila,ecuabet.com,GMB
Camila,edsbet.com,GMB
Camila,efbet.es,GMB
Camila,efectococuyo.com,NEWS
Camila,eiofue.jfg36uded.xyz,NOACCESIBLE
Camila,el-patron.net,NOACCESIBLE
Camila,elcasinocaribe.com,GMB
Camila,elcasinointernet.com,GMB
Camila,elcolonodeloeste.com.ar,NEWS
Camila,eldisenso.com,NEWS
Camila,eldoah.io,NOACCESIBLE
Camila,elinformador.com.ve,NOACCESIBLE
Camila,elpadrote.com,MISC
Camila,elpitazo.com,NOACCESIBLE
Camila,elpopular.com.ar,NOACCESIBLE
Camila,eltelescopio.com.uy,NEWS
Camila,elzacapaneco.com,GRP
Camila,emme.bet,NOACCESIBLE
Camila,emperor3.gameassists.co.uk,GMB
Camila,endfgm.eu,HUMR
Camila,energycasino.com,GMB
Camila,enracha.es,GMB
Camila,epmundo.com,NEWS
Camila,es-us.noticias.yahoo.com,NEWS
Camila,es.888.com,GMB
Camila,es.888poker.com888casino.com,NOACCESIBLE
Camila,es.casino.guru,GMB
Camila,es.zodiaccasino.com,GMB
Camila,escuelabiografiahumana.com,PUBH
Camila,esfutbollibre.com,CULTR
Camila,espectador.com,NEWS
Camila,esportesdasorte.net,NEWS
Camila,esportgaming.com,NEWS
Camila,estorilsolcasinos.pt,GMB
Camila,ethplay.io,GMB
Camila,etopaz.az,GMB
Camila,eucasino.com,GMB
Camila,eurobet.pro,GMB
Camila,eurokingclub.com,GMB
Camila,europacasino.com,GMB
Camila,europalace.com,GMB
Camila,exbeteu.com,NOACCESIBLE
Camila,extremotvplay.com,MISC
Camila,eztv.ag,SRCH
Camila,fabulousbingo.co.uk,GMB
Camila,fantasticbet.com,GMB
Camila,fanteam.com,GMB
Camila,faraonbet.net,MISC
Camila,favbet.com,GMB
Camila,feedtheminds.org,PUBH
Camila,fgmnetwork.org,NOACCESIBLE
Camila,flamingoclub.com,GMB
Camila,flipwager.com,GMB
Camila,flowerbet.pro,GMB
Camila,flujotv.co,CULTR
Camila,flujotvla.com,CULTR
Camila,fncancer.org.ve,PUBH
Camila,focus4ca.com,NOACCESIBLE
Camila,fortubet.club,MISC
Camila,fortubet.pro,GMB
Camila,fortubet.ws,GMB
Camila,forum.grasscity.com,GRP
Camila,forvetbet15.com,NOACCESIBLE
Camila,foxfoxbet.com,NOACCESIBLE
Camila,foxybingo.com,GMB
Camila,freeslots99.com,GMB
Camila,fresh.casino,GMB
Camila,freshcasino.com.ar,GMB
Camila,fruitycasa.com,GMB
Camila,fuckingfreemovies.com,PORN
Camila,fullmagistv.com,NOACCESIBLE
Camila,fun-88.in,GMB
Camila,fundacionlasalle.org.ve,MISC
Camila,futbol-libre.ar,NOACCESIBLE
Camila,futbol-libre.club,MISC
Camila,futbol-libre.futbol,MISC
Camila,futbol-libre.me,MISC
Camila,futbol-libre.org,CULTR
Camila,futbol-libre.pe,MISC
Camila,futbol-libre.tv,CULTR
Camila,futbolenvivo.com.ar,NOACCESIBLE
Camila,futbolhoy.live,CULTR
Camila,futbolibrelat.com,MISC
Camila,futbollibre-hd.com,CULTR
Camila,futbollibre.app,CULTR
Camila,futbollibre.bet,NOACCESIBLE
Camila,futbollibre.click,CULTR
Camila,futbollibre.com.co,GMB
Camila,futbollibre.futbol,NOACCESIBLE
Camila,futbollibre.homes,CULTR
Camila,futbollibre.kim,MISC
Camila,futbollibre.lol,CULTR
Camila,futbollibre.net,CULTR
Camila,futbollibre.net.ar,CULTR
Camila,futbollibre.nu,NOACCESIBLE
Camila,futbollibre.one,MISC
Camila,futbollibre.pe,NOACCESIBLE
Camila,futbollibre.pl,NOACCESIBLE
Camila,futbollibre.plus,CULTR
Camila,futbollibre.re,NOACCESIBLE
Camila,futbollibre.run,CULTR
Camila,futbollibre.wtf,MISC
Camila,futbollibre2.com,CULTR
Camila,futbollibrefhd.com,MISC
Camila,futbollibrehd.cl,CULTR
Camila,futbollibrehd.com,MISC
Camila,futbollibrehd.futbol,CULTR
Camila,futbollibrehd.live,CULTR
Camila,futbollibrehd.net,MISC
Camila,futbollibrehd.pe,NOACCESIBLE
Camila,futbollibreonline.com,CULTR
Camila,futbollibreonline.pe,CULTR
Camila,futbollibreperu.net,MISC
Camila,futbollibres.pe,CULTR
Camila,futbollibrestv.com,MISC
Camila,futbollibretv.ar,NOACCESIBLE
Camila,futbollibretv.com,NOACCESIBLE
Camila,futbollibretv.fr,SRCH
Camila,futbollibretv.futbol,NOACCESIBLE
Camila,futbollibretv.io,MISC
Camila,futbollibretv.net.pe,NOACCESIBLE
Camila,futbollibretv.nu,NOACCESIBLE
Camila,futbollibretv.pe,NOACCESIBLE
Camila,futbollibretv.tv,CULTR
Camila,futbollibretvhd.pe,CULTR
Camila,futbollibretvpe.com,NOACCESIBLE
Camila,futbollibretvs.com,GMB
Camila,futbolparatodos.net,MISC
Camila,futbolparatodostv.co,MISC
Camila,futbolparatodostv.com,CULTR
Camila,futbolparatodostv.net,CULTR
Camila,futboltv-envivo.com,MISC
Camila,futboltv.online,CULTR
Camila,futboltvenvivo.com,NOACCESIBLE
Camila,galaxyspins.com,MISC
Camila,gamblecity.com,GMB
Camila,gamblezen.com,GMB
Camila,gambling.com,NEWS
Camila,gamdom.com,GMB
Camila,gametwist.com,GMB
Camila,gamingclub.com,GMB
Camila,gamingzion.com,GMB
Camila,gana-en-casa.com,GMB
Camila,ganaencasa-ar.com,GMB
Camila,ganaencasa.ai,NOACCESIBLE
Camila,ganaencasa.co,NOACCESIBLE
Camila,ganaencasa.io,GMB
Camila,ganaencasa.lat,GMB
Camila,ganaencasa.net,GMB
Camila,ganamos.net,GMB
Camila,gananencasa.com,NOACCESIBLE
Camila,gangsta.casino,GMB
Camila,ganotodo.com,GMB
Camila,gardelcasino.com,GMB
Camila,gate777.com,GMB
Rodrigo,gayegypt.com,LGBT
Rodrigo,gayscape.com,LGBT
Rodrigo,gaystarnews.com,NOACCESIBLE
Rodrigo,gaysylesbianasdeuruguay.com,NOACCESIBLE
Rodrigo,gbctlatina.com,NOACCESIBLE
Rodrigo,gcyxloud.adkld164sf.online,NOACCESIBLE
Rodrigo,gdaycasino.com,GMB
Rodrigo,genesiscasino.com,GMB
Rodrigo,genesiscasino.es,GMB
Rodrigo,gentingcasino.com,GMB
Rodrigo,getmagistv.com,HACK
Rodrigo,gg.bet,GMB
Rodrigo,ggpoker.com,GMB
Rodrigo,glasgow.com.ve,COMM
Rodrigo,global.138.com,NOACCESIBLE
Rodrigo,gnula.nu,ANON
Rodrigo,gnulahd.nu,ANON
Rodrigo,godhatesfags.com,REL
Rodrigo,gohorsebetting.com,GMB
Rodrigo,gol.casino.com,GMB
Rodrigo,golazohd.com,GMB
Rodrigo,goldencherry.com,ANON
Rodrigo,goldengenie.com,GMB
Rodrigo,goldenpalace.com,GMB
Rodrigo,goldenpark.es,GMB
Rodrigo,goldenreef3.gameassists.co.uk,GMB
Rodrigo,goldenrivieracasino.com,GMB
Rodrigo,goldentiger.casino,GMB
Rodrigo,goldentiger3.gameassists.co.uk,GMB
Rodrigo,goldentigercasino.com,GMB
Rodrigo,goldmatic.xyz,ANON
Rodrigo,goodluck.de,GMB
Rodrigo,goralbet.com,GMB
Rodrigo,gospin.io,GMB
Rodrigo,gotgayporn.com,PORN
Rodrigo,gowild.com,NOACCESIBLE
Rodrigo,gowildcasino.com,GMB
Rodrigo,grancasino.vip,GMB
Rodrigo,grandhotel3.gameassists.co.uk,GMB
Rodrigo,grandhotelcasino.com,GMB
Rodrigo,grandmondial.eu,GMB
Rodrigo,grandmondial3.gameassists.co.uk,GMB
Rodrigo,grandonline.com,GMB
Rodrigo,granolimpo.com,NOACCESIBLE
Rodrigo,granzeus.net,GMB
Rodrigo,grosvenorcasino.com,GMB
Rodrigo,grosvenorcasinos.com,GMB
Rodrigo,gtbets.eu,ERR_NAME_NOT_RESOLVED
Rodrigo,gtcasino.com,GMB
Rodrigo,guardianproject.info,HUMR
Rodrigo,gunsbet.com,GMB
Rodrigo,guts.com,ANON
Rodrigo,hackerspaces.org,ANON
Rodrigo,hackhull.com,ANON
Rodrigo,haibao.absafe234.com,SIN INGRESO
Rodrigo,hallabet.com,NOACCESIBLE
Rodrigo,hallabet.shop,GMB
Rodrigo,hashlucky.io,GMB
Rodrigo,hdzog.com,PORN
Rodrigo,herake.com,GMB
Rodrigo,hexabet.io,GMB
Rodrigo,hide.me,ANON
Rodrigo,highnooncasino.com,GMB
Rodrigo,hightimes.com,NEWS
Rodrigo,hippodromeonline.com,GMB
Rodrigo,hititbet.com,GMB
Rodrigo,hitler.org,MILX
Rodrigo,hoca4u.xyz,NOACCESIBLE
Rodrigo,horuscasino.com,GMB
Rodrigo,hotgaylist.com,PORN
Rodrigo,houseofspins.com,NOACCESIBLE
Rodrigo,howtogrowmarijuana.com,MISC
Rodrigo,https:911truth.org,HUMR
Rodrigo,hugewin.com,GMB
Rodrigo,hustler.com,PORN
Rodrigo,iapuestas.com,GMB
Rodrigo,ice-casino34.com,GMB
Rodrigo,ihf-hr.org,SRCH
Rodrigo,ijuego.es,GMB
Rodrigo,ikibu.com,GMB
Rodrigo,immerion.com,GMB
Rodrigo,inetbet.com,GMB
Rodrigo,infowars.com,MILX
Rodrigo,inkabet.pe,NOACCESIBLE
Rodrigo,inmerion.com,GMB
Rodrigo,instacasino.com,GMB 
Rodrigo,interbet.co.za,GMB
Rodrigo,intercasino.com,GMB
Rodrigo,intertops.eu,GMB
Rodrigo,interwetten.com,GMB
Rodrigo,intralot.com.pe,NOACCESIBLE
Rodrigo,ipscuba.net,REL
Rodrigo,iptbest.xyz,COMM
Rodrigo,ipysvenezuela.org,HUMR
Rodrigo,irna.ir,NEWS
Rodrigo,isa.gov.ly,NEWS
Rodrigo,isocve.org,HACK
Rodrigo,isports.eu,COMM
Rodrigo,ivbet.com,COMM
Rodrigo,ivibet.com,GMB
Rodrigo,ivibet.online,GMB
Rodrigo,jackbit.com,GMB
Rodrigo,jackpotcity.com,GMB
Rodrigo,jackpotcity.org,GMB
Rodrigo,jackpotcitycasino.com,GMB
Rodrigo,jackpotfrenzy.com,GMB
Rodrigo,jazzyspins.com,GMB
Rodrigo,jessiegold.com,GMB
Rodrigo,jettbet.co,GMB
Rodrigo,jokerbet.es,GMB
Rodrigo,jokercasino.com,GMB
Rodrigo,jokersino.com,GMB
Rodrigo,joocasino.com,GMB
Rodrigo,joreels.com,NOACCESIBLE
Rodrigo,josemariasanjuan.com.ar,NOACCESIBLE
Rodrigo,joya.casino,GMB
Rodrigo,jsf.mil,NOACCESIBLE
Rodrigo,jubilee.com.mx,GMB
Rodrigo,juegaenlinea.com,GMB
Rodrigo,juegaenlinea.net,GMB
Rodrigo,juegasi.com,GMB
Rodrigo,juegaygana.net,GMB
Rodrigo,juegos-casino.org,GMB
Rodrigo,jugaencasa.co,GMB
Rodrigo,jugalo-net.com,GMB
Rodrigo,jugalodos-ar.com,GMB
Rodrigo,jugando.io,GMB
Rodrigo,jugando365.com,GMB
Rodrigo,jugavip.com,GMB
Rodrigo,jumbabet.com,GMB
Rodrigo,justbet.cx,GMB
Rodrigo,jvspin286778.top,GMB
Rodrigo,k8.io,GMB
Rodrigo,kadal.la,GMB
Rodrigo,katcr.to,CULTR
Rodrigo,keepmovingar.com,NOACCESIBLE
Rodrigo,kickasstorrents.to,CULTR
Rodrigo,kingamo.com,GMB
Rodrigo,kingbillycasino.com,GMB
Rodrigo,kingcasino.com,GMB
Rodrigo,kingdomrs3.gameassists.co.uk,GMB
Rodrigo,kingmaker.com,GMB
Rodrigo,kingsofsport.com,GMB
Rodrigo,kirgo.com,GMB
Rodrigo,kirolbet.es,GMB
Rodrigo,kiwifarms.net,NEWS
Rodrigo,konabet.net,GMB
Rodrigo,konabet.pro,GMB
Rodrigo,konradfun.com,GMB
Rodrigo,krooncasino.com,GMB
Rodrigo,kwiff.com,GMB
Rodrigo,lacasadeltikitakatv.net,CULTR
Rodrigo,lacobra.pro,GMB
Rodrigo,lafiestacasino.com,GMB
Rodrigo,lagunanegra.co,GMB
Rodrigo,lalgbtcenter.org,LGBT
Rodrigo,lamabet.com,GMB
Rodrigo,lambdalegal.org,LGBT
Rodrigo,lanoticiaregional.com.ar,NEWS
Rodrigo,lapalingo.com,NOACCESIBLE
Rodrigo,lascaloneta.com,HACK
Rodrigo,lasvegas365.pro,GMB
Rodrigo,latele-envivo.com,CULTR
Rodrigo,lateleenvivo.club,NOACCESIBLE
Rodrigo,lateleenvivo.com,CULTR
Rodrigo,legalbet.es,GMB
Rodrigo,legolas.bet,GMB
Rodrigo,lekkerbets.co.za,GMB
Rodrigo,lesbiansubmission.com,LGBT
Rodrigo,lex-casino13.com,GMB
Rodrigo,lgbtvacationplanners.com,NOACCESIBLE
Rodrigo,libgen.fun,NOACCESIBLE
Rodrigo,libgen.li,NEWS
Rodrigo,libgen.me,NOACCESIBLE
Rodrigo,librabet.com,GMB
Rodrigo,librefutbol-tv.com,NOACCESIBLE
Rodrigo,librefutbol.futbol,NOACCESIBLE
Rodrigo,librefutbol.me,CULTR
Rodrigo,librefutbol.su,CULTR
Rodrigo,librefutbolhd.pe,CULTR
Rodrigo,librefutboltv.com,CULTR
Rodrigo,librefutboltv.com.es,CULTR
Rodrigo,librefutboltv.futbol,CULTR
Rodrigo,librefutboltv.net,CULTR
Rodrigo,librefutboltv.pe,CULTR
Rodrigo,librefutboltv.pro,CULTR
Rodrigo,librefutboltvhd.com,CULTR
Rodrigo,libretv.futbol,CULTR
Rodrigo,limetorrents.lol,CULTR
Rodrigo,limetorrents.pro,CULTR
Rodrigo,lingeriebowl.com,CULTR
Rodrigo,linkedin.com,NOACCESIBLE
Rodrigo,literotica.com,PROV
Rodrigo,livefutbollibre.com,CULTR
Rodrigo,llamagaming.com,COMM
Rodrigo,llanobet.com,GMB
Rodrigo,llanosportbet.co,NOACCESIBLE
Rodrigo,lmvdgloall01.hhf123dcd.com,NOACCESIBLE
Rodrigo,lokicasino.com,GMB
Rodrigo,losjuegosdeazar.es,GMB
Rodrigo,lotoplay.com,GMB
Rodrigo,lottomatica.it,NOACCESIBLE
Rodrigo,lowvig.ag,GMB
Rodrigo,lp.playoro.com,NOACCESIBLE
Rodrigo,lsbet.com,GMB
Rodrigo,lsbet709.com,GMB
Rodrigo,luckcity.com,GMB
Rodrigo,luckia.es,NOACCESIBLE
Rodrigo,lucky-31.com,GMB
Rodrigo,luckyblock.com,GMB
Rodrigo,luckyboycasino.com,GMB
Rodrigo,luckycreek.com,GMB
Rodrigo,luckyhour.com,GMB
Rodrigo,luckyjungle.com,GMB
Rodrigo,luckykarmacasino.com,GMB
Rodrigo,luckylivecasino.com,GMB
Rodrigo,luckyniki.com,GMB
Rodrigo,luckynuggetcasino.com,GMB
Rodrigo,luckyredcasino.com,GMB
Rodrigo,luckyreels.io,GMB
Rodrigo,luckytigercasino.com,GMB
Rodrigo,lushstories.com,PROV
Rodrigo,luxury3.gameassists.co.uk,GMB
Rodrigo,luxurycasino.com,GMB
Rodrigo,lvbet.com,GMB
Rodrigo,m.caba.codere.bet.ar,NOACCESIBLE
Rodrigo,m.dale.sv,NOACCESIBLE
Rodrigo,m.esportesdasorte.com,NOACCESIBLE
Rodrigo,machancecasino.com,GMB
Rodrigo,magicboxcasino.com,GMB
Rodrigo,magiccitycasino.com,GMB
Rodrigo,magicred.com,NOACCESIBLE
Rodrigo,magiplay.club,COMT
Rodrigo,magiplay.pro,GMB
Rodrigo,magiplay.vip,GMB
Rodrigo,magiplay.ws,GMB
Rodrigo,magis-cr.com,NOACCESIBLE
Rodrigo,magis-tv-pro.com,CULTR
Rodrigo,magis-tv.info,CULTR
Rodrigo,magis-tv.top,CULTR
Rodrigo,magis.com.ec,COMM
Rodrigo,magis123.com,CULTR
Rodrigo,magisapp.app,CULTR
Rodrigo,magiscr.org,COMM
Rodrigo,magislatamtv.net,COMM
Rodrigo,magispro.com,CULTR
Rodrigo,magispro.lat,CULTR
Rodrigo,magistv-apk.news,NEWS
Rodrigo,magistv-app.net,CULTR
Rodrigo,magistv-la.com,CULTR
Rodrigo,magistv-latino.net,CULTR
Rodrigo,magistv-pc.com,CULTR
Rodrigo,magistv-pc.net,CULTR
Rodrigo,magistv-pro.net,CULTR
Rodrigo,magistv-venezuela.com,CULTR
Rodrigo,magistv.agency,CULTR
Rodrigo,magistv.ai,CULTR
Rodrigo,magistv.app,CULTR
Rodrigo,magistv.club,CULTR
Rodrigo,magistv.film,CULTR
Rodrigo,magistv.la,CULTR
Rodrigo,magistv.live,CULTR
Rodrigo,magistv.mx,CULTR
Rodrigo,magistv.so,CULTR
Rodrigo,magistv.stream,CULTR
Rodrigo,magistv.to,CULTR
Rodrigo,magistv.video,CULTR
Rodrigo,magistvapk.app,CULTR
Rodrigo,magistvapp.app,CULTR
Rodrigo,magistve.com,CULTR
Rodrigo,magistvecuador.app,CULTR
Rodrigo,magistvgratis.app,CULTR
Rodrigo,magistvgratis.com,CULTR
Rodrigo,magistvgratis.vip,CULTR
Rodrigo,magistvhn.com,CULTR
Rodrigo,magistvinternational.com,CULTR
Rodrigo,magistviptv.com,CULTR
Rodrigo,magistvlatin.com,CULTR
Rodrigo,magistvlatino.es,CULTR
Rodrigo,magistvmas.com,CULTR
Rodrigo,magistvmexico.net,CULTR
Rodrigo,magistvoficial.com,CULTR
Rodrigo,magistvoficial.net,CULTR
Rodrigo,magistvoficial.org,CULTR
Rodrigo,magistvoficialchile.com,CULTR
Rodrigo,magistvonline.com,CULTR
Rodrigo,magistvpc.com,CULTR
Rodrigo,magistvperu.org,CULTR
Rodrigo,magistvplus.com,CULTR
Rodrigo,magistvplus.com.co,CULTR
Rodrigo,magistvpremium.com,CULTR
Rodrigo,magistvpro.net,CULTR
Rodrigo,magistvpromax.com,CULTR
Rodrigo,magistvpty.com,CULTR
Rodrigo,magistvs.app,CULTR
Rodrigo,magistvstream.net,CULTR
Rodrigo,magistvtv.com,CULTR
Rodrigo,magistvusa.net,CULTR
Rodrigo,magistvv.com,CULTR
Rodrigo,magistvvideo.com,CULTR
Rodrigo,majesticslotsclub.com,GMB
Rodrigo,manhattanslots.com,NOACCESIBLE
Rodrigo,mansionbet.com,GMB
Rodrigo,mansioncasino.com,GMB
Rodrigo,maplecasino.ca,GMB
Rodrigo,marathonbet.com,GMB
Rodrigo,marcaapuestas.es,GMB
Rodrigo,maria.com,GMB
Rodrigo,marijuana.com,ENV
Rodrigo,marijuana.nl,ENV
Rodrigo,match.com,DATE
Rodrigo,me.gob.ve,NOACCESIBLE
Rodrigo,medicos.presidenciave.org,HUMR
Rodrigo,mega-deportes.net,HACK
Rodrigo,megadeportes.xyz,HACK
Sabrina,megadeportestv.live,HACK
Sabrina,megadeportestv.org,HACK
Sabrina,megadeportestv2.com,HACK
Sabrina,megadeportestvhd.com,HACK
Sabrina,megadice.com,GMB
Sabrina,megafaraon-casino.com,GMB
Sabrina,megafaraon.co,GMB
Sabrina,megafaraon.com,GMB
Sabrina,megapari-argentina.com,COMM
Sabrina,megapari.com,GMB
Sabrina,megatelevisiontv.live,MMED
Sabrina,megatelevisiontv.online,HACK
Sabrina,melbet-ar.com,GMB
Sabrina,melbet-ar1.com,GMB
Sabrina,melbet.com,GMB
Sabrina,merkurmagic.es,NOACCESIBLE
Sabrina,merlincasino.com,GMB
Sabrina,metatokens.games,GMB
Sabrina,mexicocasino.com,HOST
Sabrina,mia858.cfmtdress235.com,NOACCESIBLE
Sabrina,miamidice.com,GMB
Sabrina,micasino.com,GMB
Sabrina,mika.bet,NOACCESIBLE
Sabrina,miljugadas1.com,GMB
Sabrina,miljugadas2.com,GMB
Sabrina,miljugadas55.com,GMB
Sabrina,milyar.com,GMB
Sabrina,mirrorbingo.com,GMB
Sabrina,mix4bet.com,GMB
Sabrina,mnr.gov.cn,GOVT
Sabrina,moneygaming.com,NOACCESIBLE
Sabrina,moneyreels.com,GMB
Sabrina,mongoosecasino.com,NOACCESIBLE
Sabrina,monixbet.com,GMB
Sabrina,monkeytilt.com,GMB
Sabrina,monro.casino,GMB
Sabrina,moonbingo.com,GMB
Sabrina,moonwin.com,GMB
Sabrina,mospytv.com,GMB
Sabrina,mostbet.com,GMB
Sabrina,mozartbet.com,GAME
Sabrina,mozzartbet.com,GAME
Sabrina,mr.bet,GMB
Sabrina,mrgreen.com,GMB
Sabrina,mrplay.com,GMB
Sabrina,mrrex.com,GMB
Sabrina,mrwin.com,GMB
Sabrina,muchovegas.com,GMB
Sabrina,multijuegos.vip,GMB
Sabrina,mummysgold.com,GMB
Sabrina,mundocasino.bet,GMB
Sabrina,museomarino.com,NOACCESIBLE
Sabrina,musichall3.gameassists.co.uk,GMB
Sabrina,mxifesd.08234fgalh.xyz,NOACCESIBLE
Sabrina,mystake.com,GMB
Sabrina,nabcasino.com,NOACCESIBLE
Sabrina,nags.bet,GMB
Sabrina,nairabet.com,GMB
Sabrina,nationalcasino.com,GMB
Sabrina,navy.mil,NOACCESIBLE
Sabrina,nazi-lauck-nsdapao.com,NOACCESIBLE
Sabrina,neonixcasino.com,GMB
Sabrina,neonjoint.com,ALDR
Sabrina,nervelessly.life,NOACCESIBLE
Sabrina,netbet.com,GMB
Sabrina,nextcasino.com,GMB
Sabrina,nifty.org,PORN
Sabrina,ninecasino.com,GMB
Sabrina,ninlay.com,GMB
Sabrina,nitrospins.com,GRP
Sabrina,nobonuscasino.com,GMB
Sabrina,nomini.com,GMB
Sabrina,non-gamstop.co,GMB
Sabrina,nordicbet.com,GMB
Sabrina,nordscasino.com,GMB
Sabrina,norml.org,HUMR
Sabrina,nossaaposta.pt,GMB
Sabrina,nostalgia3.gameassists.co.uk,GMB
Sabrina,novajackpot.com,GMB
Sabrina,nraxmagph.ahjdgf8fgfdd.com,NOACCESIBLE
Sabrina,nsw2u.com,GAME
Sabrina,nycyxdtos.gs1ssd1g8pc.com,NOACCESIBLE
Sabrina,oasiscasino.co,NOACCESIBLE
Sabrina,oceanonlinecasino.com,GMB
Sabrina,oddspedia.com,GMB
Sabrina,odinplay.net,NOACCESIBLE
Sabrina,oficialmagistv.com,CULTR
Sabrina,olaslots.com,NOACCESIBLE
Sabrina,olimp.com,GMB
Sabrina,olimpbet.kz,GMB
Sabrina,omnicasino.com,GMB
Sabrina,on-instant.com,NOACCESIBLE
Sabrina,onedun.com,GMB
Sabrina,onlinebigbola.mx,No se ha podido encontrar la dirección IP 
Sabrina,onlinecasinocentral.com,GMB
Sabrina,onlinegambling.com,GMB
Sabrina,onlyfans.com,PORN
Sabrina,orientexpresscasino.com,NOACCESIBLE
Sabrina,ozarkbet.com,GMB
Sabrina,pacom.mil,NOACCESIBLE
Sabrina,paddypower.com,MISC
Sabrina,palaceofchance.com,GMB
Sabrina,palomabet.com,NOACCESIBLE
Sabrina,pampacasino.com,GMB
Sabrina,panelmagistv.com,CULTR
Sabrina,panelmagistv.net,CULTR
Sabrina,paradisecasino.com,GMB
Sabrina,parimatch.com,GMB
Sabrina,paripesa.xyz,GMB
Sabrina,parklanecasino.com,NOACCESIBLE
Sabrina,partycasino.es,GMB
Sabrina,partygammon.com,FILE
Sabrina,partypoker.com,GMB
Sabrina,partypoker.es,GMB
Sabrina,paston.es,GMB
Sabrina,patagoniabet.pro,GMB
Sabrina,patria.org.ve,GOVT
Sabrina,pelota-libre.com,CULTR
Sabrina,pelotalibre.co,NOACCESIBLE
Sabrina,pelotalibre.com,CULTR
Sabrina,pelotalibre.me,CULTR
Sabrina,pelotalibre.org,CULTR
Sabrina,pelotalibre.pe,CULTR
Sabrina,pelotalibres.pe,CULTR
Sabrina,pelotalibretv.com,CULTR
Sabrina,pelotalibretv.me,CULTR
Sabrina,pelotalibretv.pe,CULTR
Sabrina,pelotalibretv.pl,CULTR
Sabrina,pelotalibretv.xyz,CULTR
Sabrina,pelotalibretvhd.pe,NOACCESIBLE
Sabrina,peta.xxx,ENV
Sabrina,petardas.com,PORN
Sabrina,phoenician3.gameassists.co.uk,GMB
Sabrina,phoeniciancasino.eu,GMB
Sabrina,photocall.tv,CULTR
Sabrina,photocall.xyz,CULTR
Sabrina,phrack.org,HOST
Sabrina,pin-up.casino,GMB
Sabrina,pinkplay.net,NOACCESIBLE
Sabrina,pinnacle.com,GMB
Sabrina,pirlo.tv,CULTR
Sabrina,pirlotv.cloud,CULTR
Sabrina,pirlotv.fr,CULTR
Sabrina,pirlotv.futbol,NOACCESIBLE
Sabrina,pirlotv.in,CULTR
Sabrina,pirlotv.uk,CULTR
Sabrina,pirlotv.uno,CULTR
Sabrina,pirlotvhd.lol,CULTR
Sabrina,pirlotvhd.online,CULTR
Sabrina,pirlotvonline.info,MISC
Sabrina,pirlotvonline.org,CULTR
Sabrina,pirlotvonline.pl,CULTR
Sabrina,placard.pt,GMB
Sabrina,plan0km.org,MISC
Sabrina,planesmagistv.com,CULTR
Sabrina,planet7casino.com,GMB
Sabrina,planeta32.lat,GMB
Sabrina,planetwin365.com,NOACCESIBLE
Sabrina,plangobierno.org,GMB
Sabrina,planprocreauto.org,NOACCESIBLE
Sabrina,platinoclub.bet,GMB
Sabrina,platinoclub.pro,GMB
Sabrina,platinumplaycasino.com,GMB
Sabrina,play.casinovibes.com,GMB
Sabrina,play.mansioncasino.com,NOACCESIBLE
Sabrina,play2wincasino.com,GMB
Sabrina,playamo.com,GMB
Sabrina,playbet.com.co,NOACCESIBLE
Sabrina,playbonds.com,MISC
Sabrina,playboy.com,PORN
Sabrina,playerspalace3.gameassists.co.uk,GMB
Sabrina,playfrank.com,GMB
Sabrina,playgrand.com,GMB
Sabrina,playio.com,GMB
Sabrina,playmoola.com,GMB
Sabrina,playojo.com,GMB
Sabrina,playoro.casino,GMB
Sabrina,playuzu.com,GMB
Sabrina,playzee.com,GMB
Sabrina,plc.org.ni,NO ACCESIBLE
Sabrina,pokerstar.com,NOACCESIBLE
Sabrina,pokerstars.com,GMB
Sabrina,pokerstars.net,GMB
Sabrina,pokerstars.pt,GMB
Sabrina,pokerstarscasino.com,GMB
Sabrina,poringa.net,PORN
Sabrina,pornhub.com,PORN
Sabrina,positive.org,CULTR
Sabrina,powerbet777.com,NOACCESIBLE
Sabrina,premierpoker.es,GMB
Sabrina,premierpokerclub.com,NOACCESIBLE
Sabrina,pribet.com,GMB
Sabrina,prism-break.org,ANON
Sabrina,procashdream.com,MISC
Sabrina,profebet.co,NOACCESIBLE
Sabrina,promo.eternalslots.com,GMB
Sabrina,promociones.betfair.es,GMB
Sabrina,promotions.betfair.com,NOACCESIBLE
Sabrina,prontobet.club,NOACCESIBLE
Sabrina,pumacasino.io,GMB
Sabrina,punchbets.com,NOACCESIBLE
Sabrina,pwr.bet,NOACCESIBLE
Sabrina,quantico.marines.mil,NOACCESIBLE
Sabrina,quatro3.gameassists.co.uk,GMB
Sabrina,queenvegas.com,GMB
Sabrina,quelacreo.com,NOACCESIBLE
Sabrina,quickwin.com,GMB
Sabrina,rabona.com,GMB
Sabrina,ragingbullcampaign.com,NOACCESIBLE
Sabrina,rainbet.com,GMB
Sabrina,rainbowex.site,NOACCESIBLE
Sabrina,rakebit.com,GMB
Sabrina,rare.bet,GMB
Sabrina,rargb.to,FILE
Sabrina,raze.bet,GMB
Sabrina,redapuestoenvivo.com,GMB
Sabrina,redbet.com,NOACCESIBLE
Sabrina,redcasino.com,GMB
Sabrina,redflushcasino.eu,GMB
Sabrina,redkings.com,GMB
Sabrina,redstagcasino.eu,GMB
Sabrina,reelfortune.com,GMB
Sabrina,reelsofjoy.io,GMB
Sabrina,regalamonedas.com,GMB
Sabrina,registrodeautomotor.com.ar,NOACCESIBLE
Sabrina,renovarmagistv.net,CULT
Sabrina,resultadospresidencialesvenezuela2024.com,POLR
Sabrina,retabet.es,GMB
Sabrina,richestdiamond.com.ar,NOACCESIBLE
Sabrina,richreels.com,GMB
Sabrina,richreels3.gameassists.co.uk,GMB
Sabrina,riobet.com,GMB
Sabrina,rivalo.com,NOACCESIBLE
Sabrina,riverbellecasino.com,GMB
Sabrina,rivernilecasino.net,GMB
Sabrina,rizzcasino.com,GMB
Sabrina,rockbet.com,GMB
Sabrina,rocketwin.io,GMB
Sabrina,roja.directa.online,CULTR
Sabrina,roja.directa.ws,CULTR
Sabrina,rojabet.com,CULTR
Sabrina,rojadeportetv.com,CULTR
Sabrina,rojadire.com,CULTR
Sabrina,rojadirecta.click,CULTR
Sabrina,rojadirecta.com,CULTR
Sabrina,rojadirecta.ec,CULTR
Sabrina,rojadirecta.lat,CULTR
Sabrina,rojadirecta.me,NOACCESIBLE
Sabrina,rojadirecta.nl,CULTR
Sabrina,rojadirecta1.top,CULTR
Sabrina,rojadirecta2.org,CULTR
Sabrina,rojadirectaa.org,CULTR
Sabrina,rojadirectaenhd.live,CULTR
Sabrina,rojadirectaenhd.net,CULTR
Sabrina,rojadirectaenvivo.cc,CULTR
Sabrina,rojadirectaenvivo.com,CULTR
Sabrina,rojadirectaenvivo.de,CULTR
Sabrina,rojadirectaenvivo.fr,NOACCESIBLE
Sabrina,rojadirectaenvivo.la,CULTR
Sabrina,rojadirectaenvivo.me,CULTR
Sabrina,rojadirectaenvivo.nl,CULTR
Sabrina,rojadirectaenvivo.pl,CULTR
Sabrina,rojadirectaenvivo.re,CULTR
Sabrina,rojadirectaenvivo.site,CULTR
Sabrina,rojadirectaenvivo.su,NOACCESIBLE
Sabrina,rojadirectaenvivo.uno,NOACCESIBLE
Sabrina,rojadirectaenvivo.vip,CULTR
Sabrina,rojadirectaenvivotv.run,CULTR
Sabrina,rojadirectaenvivotv.uno,CULTR
Sabrina,rojadirectaes.org,CULTR
Sabrina,rojadirectahd.mx,CULTR
Sabrina,rojadirectahd.org,CULTR
Sabrina,rojadirectahdenvivo.com,CULTR
Sabrina,rojadirectai.com,CULTR
Sabrina,rojadirectai.me,CULTR
Sabrina,rojadirectaliga.me,NOACCESIBLE
Sabrina,rojadirectalive.net,NOACCESIBLE
Sabrina,rojadirectame.eu,CULTR
Sabrina,rojadirectaonline.us,CULTR
Sabrina,rojadirectaorg.com,CULTR
Sabrina,rojadirectaplus.com,CULTR
Sabrina,rojadirectas.org,CULTR
Sabrina,rojadirectatv.at,CULTR
Sabrina,rojadirectatv.com.ph,CULTR
Sabrina,rojadirectatv.de,CULTR
Sabrina,rojadirectatv.it.com,CULTR
Sabrina,rojadirectatv.la,CULTR
Sabrina,rojadirectatv.lol,CULTR 
Sabrina,rojadirectatv.nl,CULTR
Sabrina,rojadirectatv.pro,NOACCESIBLE
Sabrina,rojadirectatv.store,CULTR
Sabrina,rojadirectatv.top,CULTR
Sabrina,rojadirectatv.tv,CULTR
Sabrina,rojadirectatv.uno,CULTR
Sabrina,rojadirectatv.ws,CULTR
Sabrina,rojadirectatvdh.online,CULTR
Sabrina,rojadirectatvenlinea.com,CULTR
Sabrina,rojadirectatvenvivo.me,CULTR
Sabrina,rojadirectatvhd.com,CULTR
Sabrina,rojadirectatvhd.org,CULTR
Sabrina,rojadirectatvhd.site,CULTR
Sabrina,rojadirectatvonline.de,CULTR
Sabrina,rojadirectatvonline.nl,CULTR
Sabrina,rojadirectatvs.com,CULTR
Sabrina,rojadirectenvivo.me,CULTR
Sabrina,rojadirectenvivo.nl,CULTR
Sabrina,rojadirectvlive.pl,CULTR
Sabrina,rojadirectvonline.com,CULTR
Sabrina,rojadirectvonline.pl,CULTR
Sabrina,rojatv.tv,CULTR
Sabrina,rollitup.org,ALDR
Sabrina,roobet.com,GMB
Sabrina,roxypalace.com,GMB
Sabrina,royaldeluxe.bet,GMB
Sabrina,royalgame.com,GMB
Brittany,royalpanda.com,GMB
Brittany,royalvegascasino.com,GMB
Brittany,royrichie.com,GMB
Brittany,rtbet.com,GMB
Brittany,rubet.com,GMB
Brittany,rubybet.club,GMB
Brittany,rubyfortune.com,GMB
Brittany,rustbet.com ,GMB
Brittany,rusticotv.net,CULTR
Brittany,rusticotvhd.com,CULTR
Brittany,rxmarijuana.com,ALDR
Brittany,s01.amerio.bet,GMB
Brittany,safervpn.com,ANON
Brittany,samesexmarriage.ca,LGBT
Brittany,saori.bet,NOACCESIBLE
Brittany,scarlettcasino.com,GMB
Brittany,scasino.com,GMB
Brittany,sci-hub.se,HOST
Brittany,seabet.io,NOACCESIBLE
Brittany,sec-ab.dcfree69.com ,NOACCESIBLE
Brittany,sectorbet.co,GMB
Brittany,sellatuparley.com,GMB
Brittany,seven.casino,GMB 
Brittany,sex.com,PORN
Brittany,sfndeportes.com,NOACCESIBLE
Brittany,sfntv.xyz,NOACCESIBLE
Brittany,shadowbet.com,GMB
Brittany,shadowbetcasino.com,GMB
Brittany,shangrila.com,GMB
Brittany,share3.gameassists.co.uk,GMB
Brittany,sharplotto.com,GMB
Brittany,shroomery.org,ALDR
Brittany,siempreganaok.com,NOACCESIBLE
Brittany,sigloxxi.org,NOACCESIBLE
Brittany,sintelevisionhd.com,NOACCESIBLE
Brittany,sirwin.com,GMB
Brittany,slot.com,GMB
Brittany,slotexo.com,GMB
Brittany,slotheist.com ,NOACCESIBLE
Brittany,slotjava.es,GMB 
Brittany,slotocash.im,GMB 
Brittany,slotpark.com,GMB 
Brittany,slotscapital.lv,GMB 
Brittany,slotsdelsolonline.com,GMB 
Brittany,slotsheaven.com,GMB 
Brittany,slotsmagic.com,GMB 
Brittany,slotsmillion.com,GMB 
Brittany,slotspalace.com,GMB 
Brittany,slotsvil.com,GMB 
Brittany,slottojam11.com,GMB 
Brittany,sloty.com,GMB 
Brittany,social.undernet.uy,NOACCESIBLE
Brittany,socom.mil,NOACCESIBLE
Brittany,sol.casino,GMB
Brittany,solbet.pe,GMB
Brittany,soltscapital.lv,NOACCESIBLE
Brittany,solverde.pt,GMB
Brittany,soportemagistv.com,NOACCESIBLE
Brittany,southcom.mil,NOACCESIBLE
Brittany,spanish.slotsmagic.com,NOACCESIBLE
Brittany,spartanslots.com,
Brittany,spinbet.com,GMB
Brittany,spincasino.com,GMB
Brittany,spinit.com,GMB
Brittany,spinland.bet,GMB
Brittany,spinpalace.com,GMB
Brittany,spinpalacesports.com ,NOACCESIBLE
Brittany,spinrider.com,GMB
Brittany,spinroll.live,NOACCESIBLE
Brittany,spinrollz.com,GMB
Brittany,spinspace.io,GMB
Brittany,spinupcasino.com,GMB
Brittany,sportbet.ec,GMB
Brittany,sportimba.com,GMB
Brittany,sportingbet.com,GMB
Brittany,sportium.es,GMB
Brittany,sports.betway.com,GMB
Brittany,sports.bwin.com,GMB
Brittany,sportsbetting.ag,GMB
Brittany,spreadex.com,GMB
Brittany,sprots.sportium.es,NOACCESIBLE
Brittany,sputniknews.cn,NEWS 
Brittany,ss.888casino.com,NOACCESIBLE
Brittany,stage.mrocasino.com,GMB
Brittany,stake.com,GMB
Brittany,stakeprix.com,GMB
Brittany,stakewin.io,GMB
Brittany,star-game.bet,GMB
Brittany,star-game.co,NOACCESIBLE
Brittany,star-game.win,GMB
Brittany,starlink.com,COMM 
Brittany,startpage.com,SRCH
Brittany,starvegas.es,GMB
Brittany,static.williamhill.es ,NOACCESIBLE
Brittany,stratcom.mil,NOACCESIBLE
Brittany,strendus.com.mx,GMB
Brittany,stupidcasino.com,GMB
Brittany,suertebet.lat,GMB
Brittany,suertia.es ,GMB
Brittany,sumate.org,POLR
Brittany,sunvegascasino.com,GMB 
Brittany,superbet.pro,MISC 
Brittany,supercasino.com,GMB 
Brittany,superentrada.com.ar,NOACCESIBLE
Brittany,superiorcasino.com,GMB 
Brittany,superkasino.com,GMB 
Brittany,supermatch-uruguay.com,GMB 
Brittany,supertelevisionhd.com,NOACCESIBLE
Brittany,supertelevisionhd.net,GMB 
Brittany,swapcasino.com,GMB 
Brittany,swiftcasino.es,GMB 
Brittany,swiper.com ,GMB
Brittany,tails.boum.org,ANON 
Brittany,tangobet.pro,GMB
Brittany,tarjetaroja.me,CULTR
Brittany,tarjetarojaa.com,CULTR
Brittany,tarjetarojaenvivo.nl,CULTR
Brittany,tarjetarojaenvivo.uno,NOACCESIBLE
Brittany,tarjetarojahd.org,CULTR
Brittany,tarjetarojaonline.org,CULTR
Brittany,tarjetarojatv.co,NOACCESIBLE
Brittany,tarjetarojatv.run,CULTR
Brittany,tarjetarojatvenvivo.pl,No se encuentra dirección IP
Brittany,tarjetarojatvonline.sx,NOACCESIBLE
Brittany,tastybingo.com,GMB
Brittany,teenhealthfx.com,PUBH
Brittany,tele-libre.com,CULTR
Brittany,telebunker.com,NOACCESIBLE
Brittany,telefichas.com,NOACCESIBLE
Brittany,telefullenvivo.com,CULTR
Brittany,telefullhd.com,CULTR
Brittany,telegratis.live,NOACCESIBLE
Brittany,telegratis.online,NOACCESIBLE
Brittany,telegratishd.com,CULTR
Brittany,telelatino.app ,CULTR
Brittany,telerium.biz,CULTR
Brittany,teleriumtv.me,NOACCESIBLE
Brittany,television-libre.online,CULTR
Brittany,television.libre.futbol,CULTR
Brittany,televisiongratisenvivo.com,CULTR
Brittany,televisiongratishd.com,NOACCESIBLE
Brittany,televisionlibre.futbol,NOACCESIBLE
Brittany,televisionlibre.net,NOACCESIBLE
Brittany,templodeslots.es,GMB
Brittany,thelotter.com,GMB
Brittany,thelotter.uy,NOACCESIBLE
Brittany,themagis-tv.com,CULTR
Brittany,themagistv.com,CULTR
Brittany,themagistv.com.co,CULTR
Brittany,thepiratebay.org,SRCH
Brittany,thepiratebay.se,NOACCESIBLE
Brittany,thepokerpractice.com,GAME
Brittany,thisisvegas.com,GMB
Brittany,thrillsy.com,GMB
Brittany,ticketgo.com.ar,NOACCESIBLE
Brittany,tickeygo.com.ar,NOACCESIBLE
Brittany,tigergaming.com,GMB
Brittany,tinyzonetv.to,NOACCESIBLE
Brittany,tiofutbol.com,NOACCESIBLE
Brittany,tipbet.com ,NOACCESIBLE
Brittany,tipgol.com,GMB
Brittany,tiplix.com,NOACCESIBLE
Brittany,titancasino.com,NOACCESIBLE
Brittany,titanpoker.com,NOACCESIBLE
Brittany,todopelotastv.com ,NOACCESIBLE
Brittany,todopelotatv.live,NOACCESIBLE
Brittany,todopelotatv.net,NOACCESIBLE
Brittany,todopelotatvhd.com,CULTR
Brittany,tombola.es,GMB
Brittany,tombriches.com,GMB
Brittany,tonybet.com,GMB
Brittany,topdrawers.com,COMM
Brittany,torrentz.eu,NOACCESIBLE
Brittany,toshi.bet,GMB
Brittany,totosi.it,NOACCESIBLE
Brittany,tramitaya.com.ar,NOACCESIBLE
Brittany,transwhiz.com,NOACCESIBLE
Brittany,treasuremile.com,GMB
Brittany,trebol.vip,NOACCESIBLE
Brittany,trebolbet.pro,GMB
Brittany,tribet.club,NOACCESIBLE
Brittany,trillonario.com,GMB
Brittany,trinocasino.com,GMB
Brittany,trustdice.win,GMB
Brittany,ts-casinoclub.com,NOACCESIBLE
Brittany,tsars.com,GMB
Brittany,tube8.com,PORN
Brittany,turbovegas.com,GMB
Brittany,tutl24.xyz,NOACCESIBLE
Brittany,tutlehd4.com,NOACCESIBLE
Brittany,tutlehd5.com,NOACCESIBLE
Brittany,tv-libre.com,NOACCESIBLE
Brittany,tvconexion.com,CULTR
Brittany,tvfutbolibre.com,NOACCESIBLE
Brittany,tvmagis.com,CULTR
Brittany,tvmagis.pro,NOACCESIBLE
Brittany,tvplusgratis.com,NOACCESIBLE
Brittany,tvsnipers.com,NOACCESIBLE
Brittany,tvspacehd.com,CULTR
Brittany,twin.com,GMB
Brittany,ukcasino-club.co.uk,GMB
Brittany,ukclub3.gameassists.co.uk,GMB
Brittany,unibet.co.uk,GMB
Brittany,unibet.com,GMB
Brittany,uniquecasino.com,GMB
Brittany,urubet.net,NOACCESIBLE
Brittany,usafa.af.mil ,NOACCESIBLE
Brittany,uscg.mil ,NOACCESIBLE
Brittany,use-application-dns.net,NOACCESIBLE
Brittany,ustvgo.tv,NOACCESIBLE
Brittany,v9bet.bet,NOACCESIBLE
Brittany,v9bet.plus  ,NOACCESIBLE
Brittany,vaidebet.com,GMB
Brittany,valence.community,NOACCESIBLE
Brittany,vanguardnewsnetwork.com,NEWS
Brittany,vbet.com,GMB
Brittany,vegas-365.com,GMB
Brittany,vegas-365.vip,NOACCESIBLE
Brittany,vegas.williamhill.com,GMB
Brittany,vegasdays.com,GMB
Brittany,vegashero.com,GMB
Brittany,vegaslegacy.com,GMB
Brittany,vegaspalmscasino.com,GMB
Brittany,vegasparadise.com,GMB
Brittany,vegasred.com,GMB
Brittany,vegasslotcasino.es,GMB
Brittany,vemosgratis.com,NOACCESIBLE
Brittany,ver-television.online,CULTR
Brittany,verajohn.com,GMB
Brittany,vercanalesonline.com,CULTR
Brittany,vernons.com,GMB
Brittany,versus.es,GMB
Brittany,vertvcable.com,CULTR
Brittany,vertvenvivo.net,NOACCESIBLE
Brittany,vgas3.gameassists.co.uk,GMB
Brittany,videoslots.com,GMB
Brittany,vikingo-play-net.club,GMB
Brittany,vikingocasino.com,GMB
Brittany,vikingspin.com,GMB
Brittany,villento.com,GMB
Brittany,villento3.gameassists.co.uk,GMB
Brittany,vip32.lat,GMB
Brittany,viperwin.com,GMB
Brittany,viponlineok.com,HOST
Brittany,virgingames.com,GMB
Brittany,virtualcity3.gameassists.co.uk,GMB
Brittany,vivelasuerte.es,GMB
Brittany,viviendaenred.net,NOACCESIBLE
Brittany,vocesenlibertad.com,NOACCESIBLE
Brittany,voybet.com,GMB
Brittany,voyjugando.com ,NOACCESIBLE
Brittany,vudu.bet ,NOACCESIBLE
Brittany,vulkanvegas.com,GMB
Brittany,w9.vnm999.com,GMB
Brittany,wagabet.com,GAME
Brittany,walterraulzambon.com,NOACCESIBLE
Brittany,wanabet.es,NOACCESIBLE
Brittany,wazamba.com,GMB
Brittany,webapuestas.com,GMB
Brittany,weedmaps.com,ALDR
Brittany,westernunion.com,COMM 
Brittany,wetplace.com,NOACCESIBLE
Brittany,whatsap.com,GRP
Brittany,wikiluck.com,GMB 
Brittany,wildtornado.com,GMB
Brittany,williamhill.com,GMB
Brittany,williamhill.es,GMB
Brittany,win.city,NOACCESIBLE
Brittany,winadaycasino.eu,GMB
Brittany,winamax.es,GMB
Brittany,winnita.com,GMB
Brittany,winolot.com,GMB
Brittany,winsly.com,GMB
Brittany,wintingocasino.com,GMB 
Brittany,wintopia.com,GMB
Brittany,winuniquecasino-land.com,GMB
Brittany,winuniquecasino-real.com,NOACCESIBLE
Brittany,winvegasplus-grade.com,GMB
Brittany,wishcasino.io,GMB
Brittany,wizbet.com,GMB
Brittany,womensmediacenter.com,HUMR
Brittany,wonaco.com,GMB
Brittany,wonbet.net,NOACCESIBLE
Brittany,ww1.tarjetarojatvonline.sx,NOACCESIBLE
Brittany,ww12.quelacreo.com,NOACCESIBLE
Brittany,x1337x.eu,SRCH
Brittany,x7casino.com,GMB
Brittany,xhamster.com,PORN
Brittany,xnxx.com,PORN
Brittany,xroxy.com,NOACCESIBLE
Brittany,xspin.io,GMB
Brittany,xtremostereo.net,CULTR
Brittany,xvideos.com,PORN
Brittany,y2mate.com,MISC
Brittany,yakocasino.com,GMB
Brittany,yesbingo.co.uk,GMB
Brittany,yobingo.es,GMB
Brittany,yocasino.es,GMB
Brittany,youporn.com,PORN
Brittany,yourwin24.com,NOACCESIBLE
Brittany,yts.lt,CULTR
Brittany,yts.mx,CULTR
Brittany,yubo.live,GRP
Brittany,yukongoldcasino.eu,GMB
Brittany,zamba.co,GMB
Brittany,zambonpederasta.com,NOACCESIBLE
Brittany,zdsptv.com,CULTR
Brittany,zeuswin.com,GMB
Brittany,zeuzcostume.com,NOACCESIBLE
Brittany,zeuzcostume1.mitiendanube.com,NOACCESIBLE
Brittany,zodiac3.gameassists.co.uk,GMB
Brittany,zodiaccasino.com,GMB
Brittany,zonax.club,NOACCESIBLE
Brittany,zumospin.com,GMB